CLICK_UCSC,sequence,seq_length,protein_class,gene_count,primary_smorf_type,riboseq_source_count,shortstop_count,blastp_count,smorf_type_count,muscle_riboseq_count,heart_riboseq_count,fat_riboseq_count,liver_riboseq_count,gene_ids,has_liver_riboseq,has_fat_riboseq,has_heart_riboseq,has_muscle_riboseq,status,proteogenomics,shortstop_predictions,shortstop_confidences,blastp_uniprot_matches,blastp_evalues,blastp_percentage_matches,blastp_alignment_lengths,blastp_bit_scores,gene_body,muscle_riboseq_cpm,muscle_riboseq_cpm_per_kb,heart_riboseq_cpm,heart_riboseq_cpm_per_kb,fat_riboseq_cpm,fat_riboseq_cpm_per_kb,liver_riboseq_cpm,liver_riboseq_cpm_per_kb,tau_score,tau_driver,log2CPM_Adrenal,log2CPM_BrownAdip,log2CPM_Heart,log2CPM_Hypothal,log2CPM_Kidney,log2CPM_Liver,log2CPM_Lung,log2CPM_Muscle,log2CPM_Pituitary,log2CPM_epididWAT,log2CPM_inguinWAT,genomic_coordinates,gene_id,gene_symbol,Exercise_main_baseMean,Exercise_main_log2FoldChange,Exercise_main_pvalue,Exercise_main_padj,Time_main_baseMean,Time_main_log2FoldChange,Time_main_pvalue,Time_main_padj,Sex_main_baseMean,Sex_main_log2FoldChange,Sex_main_pvalue,Sex_main_padj,Exercise_ZT_Interaction_baseMean,Exercise_ZT_Interaction_log2FoldChange,Exercise_ZT_Interaction_pvalue,Exercise_ZT_Interaction_padj,Sex_Exercise_baseMean,Sex_Exercise_log2FoldChange,Sex_Exercise_pvalue,Sex_Exercise_padj,Sex_Time_baseMean,Sex_Time_log2FoldChange,Sex_Time_pvalue,Sex_Time_padj,Sex_Exercise_Time_baseMean,Sex_Exercise_Time_log2FoldChange,Sex_Exercise_Time_pvalue,Sex_Exercise_Time_padj,Exercise_ZT4_baseMean,Exercise_ZT4_log2FoldChange,Exercise_ZT4_pvalue,Exercise_ZT4_padj,Exercise_ZT16_baseMean,Exercise_ZT16_log2FoldChange,Exercise_ZT16_pvalue,Exercise_ZT16_padj,ZT4_Sedentary_baseMean,ZT4_Sedentary_log2FoldChange,ZT4_Sedentary_pvalue,ZT4_Sedentary_padj,ZT4_Exercise_baseMean,ZT4_Exercise_log2FoldChange,ZT4_Exercise_pvalue,ZT4_Exercise_padj,Female_ZT16_baseMean,Female_ZT16_log2FoldChange,Female_ZT16_pvalue,Female_ZT16_padj,Female_ZT4_baseMean,Female_ZT4_log2FoldChange,Female_ZT4_pvalue,Female_ZT4_padj,Female_Ex_baseMean,Female_Ex_log2FoldChange,Female_Ex_pvalue,Female_Ex_padj,gene_id_stripped,ensembl_transcript_id,transcript_is_canonical,Localizations,Signals,Membrane,types,Cytoplasm,Nucleus,Extracellular,Cell membrane,Mitochondrion,Plastid,Endoplasmic reticulum,Lysosome/Vacuole,Golgi apparatus,Peroxisome,Peripheral,Transmembrane,Lipid anchor,Soluble,gene_ontology,Prediction,OTHER,SP(Sec/SPI),CS,Position,has_riboseq,has_seer,has_sam,is_swiss,pass_type_check,pass_cpm_check,deseq_sig,localization,Root,Node1,Node2,Node3,combo_full,Node4,Path
"=HYPERLINK(""https://genome.ucsc.edu/cgi-bin/hgTracks?db=mm39&position=chr9:20979065-20979214"", ""chr9:20979065-20979214"")",MLDMAPLLQENSRLGCQIVLTPELEGVEFALPKITRNFYVDGHIPKPH,48,Microprotein,10,Swiss-Prot-MP,2,9,9,9,0,0,0,0,ENSMUST00000217150.2-chr9:20979068-20979211_F:2_P:8_M; ENSMUST00000217282.2-chr9:20979068-20979211_F:0_P:31_M; ENSMUST00000213826.2-chr9:20979068-20979211_F:1_P:0_M; ENSMUST00000215631.2-chr9:20979068-20979211_F:2_P:8_M; ENSMUST00000215338.2-chr9:20979068-20979211_F:0_P:8_M; MSTRG.60283.6-chr9:20979068-20979211_F:0_P:16_M; MSTRG.60283.3-chr9:20979068-20979211_F:2_P:19_M; MSTRG.60283.9-chr9:20979068-20979211_F:1_P:51_M; MSTRG.60283.8-chr9:20979068-20979211_F:1_P:47_M; sp|Q9CPW2-2|FDX2_MOUSE_Isoform_2_of_Ferredoxin-2__mitochondrial_OS=Mus_musculus_OX=10090_GN=Fdx2_ANNO,FALSE,TRUE,TRUE,FALSE,Swiss-Prot,NA,PRISM; PRISM; PRISM; PRISM; PRISM; PRISM; PRISM; PRISM; PRISM,0.998247; 0.998247; 0.998247; 0.998247; 0.9981201; 0.998247; 0.998247; 0.998247; 0.998247,tr|A0A1L1SV24|A0A1L1SV24_MOUSE; tr|A0A1L1SV24|A0A1L1SV24_MOUSE; tr|A0A1L1SV24|A0A1L1SV24_MOUSE; tr|A0A1L1SV24|A0A1L1SV24_MOUSE; tr|A0A1L1SV24|A0A1L1SV24_MOUSE; tr|A0A1L1SV24|A0A1L1SV24_MOUSE; tr|A0A1L1SV24|A0A1L1SV24_MOUSE; tr|A0A1L1SV24|A0A1L1SV24_MOUSE; tr|A0A1L1SV24|A0A1L1SV24_MOUSE,1.1599999999999999e-30; 1.1599999999999999e-30; 1.1599999999999999e-30; 1.1599999999999999e-30; 1.1599999999999999e-30; 1.1599999999999999e-30; 1.1599999999999999e-30; 1.1599999999999999e-30; 1.1599999999999999e-30,100.0; 100.0; 100.0; 100.0; 100.0; 100.0; 100.0; 100.0; 100.0,48.0; 48.0; 48.0; 48.0; 48.0; 48.0; 48.0; 48.0; 48.0,102.0; 102.0; 102.0; 102.0; 102.0; 102.0; 102.0; 102.0; 102.0,Gm38431,0,0,0,0,0,0,0,0,0.259759967,Muscle,1.692296843,1.651357095,1.32429455,1.476593223,1.352454272,1.25221167,1.089595394,1.724039163,1.092373636,1.632464344,1.630324734,chr9:20979068-20979211,ENSMUST00000217150.2-chr9:20979068-20979211_F:2_P:8_M,NA,536.339640154549,0.443760090135962,1.990175134355e-4,0.0043094408326348,536.339640154549,-0.0500770544519434,0.681705730025543,0.934281156898246,536.339640154549,0.327773054526938,0.0058456919551131,0.0665598238323827,536.339640154549,-0.11632961489425,0.494421271311557,0.809387875251691,536.339640154549,-0.694348042130975,3.51194828648909e-5,0.002539812864646,536.339640154549,0.181725973489181,0.28315694059458,0.770256655070706,536.339640154549,0.236276150873749,0.320628346739864,0.99988073613111,536.339640154549,0.327430475241713,0.0070294872494454,0.0775986044291748,536.339640154549,0.443760090135962,1.990175134355e-4,0.0043094408326348,536.339640154549,-0.0500770544519434,0.681705730025543,0.934281156898246,536.339640154549,-0.166406669346193,0.16074563538404,0.494358622611615,536.339640154549,0.327773054526938,0.0058456919551131,0.0665598238323827,536.339640154549,0.181725973489181,0.28315694059458,0.770256655070706,536.339640154549,-0.694348042130975,3.51194828648909e-5,0.002539812864646,ENSMUST00000217150.2-chr9:20979068-20979211_F:2_P:8_M,NA,NA,NA,NA,NA,NA,NA,NA,NA,NA,NA,NA,NA,NA,NA,NA,NA,NA,NA,NA,NA,NA,NA,NA,NA,NA,TRUE,FALSE,FALSE,TRUE,TRUE,FALSE,True,Other,All Microproteins,Swiss-Prot,DESeq True,Muscle-Enriched,Swiss-Prot → DESeq True → Muscle-Enriched → Other,DESeq True → Other,Swiss-Prot_DESeqTrue_Muscle-Enriched_Other
"=HYPERLINK(""https://genome.ucsc.edu/cgi-bin/hgTracks?db=mm39&position=chr9:121539466-121541718"", ""chr9:121539466-121541718"")",MSVIFAPDWLRGKAKVNQETIQRLLEENDQLIRCIVEYQNKGRANECVQYQHVLHRNLIYLATIADANTSSLTKAVE,77,Microprotein,17,Swiss-Prot-MP,4,16,16,16,1,1,1,1,MSTRG.63371.21+chr9:121539469-121541715_F:1_P:0_M; MSTRG.63371.24+chr9:121539469-121541715_F:1_P:0_M; MSTRG.63371.22+chr9:121539469-121541715_F:1_P:0_M; MSTRG.63371.10+chr9:121539469-121541715_F:1_P:0_M; MSTRG.63371.14+chr9:121539469-121541715_F:1_P:0_M; MSTRG.63371.13+chr9:121539469-121541715_F:1_P:0_M; MSTRG.63371.12+chr9:121539469-121541715_F:1_P:0_M; MSTRG.63371.11+chr9:121539469-121541715_F:1_P:0_M; MSTRG.63371.17+chr9:121539469-121541715_F:1_P:0_M; MSTRG.63371.16+chr9:121539469-121541715_F:1_P:0_M; MSTRG.63371.1+chr9:121539469-121541715_F:1_P:19_M; MSTRG.63371.2+chr9:121539469-121541715_F:1_P:11_M; MSTRG.63371.3+chr9:121539469-121541715_F:0_P:3_M; MSTRG.63371.4+chr9:121539469-121541715_F:1_P:0_M; MSTRG.63371.7+chr9:121539469-121541715_F:1_P:0_M; ENSMUST00000035113.11+chr9:121539469-121541715_F:1_P:0_M; sp|Q9D174|S18L2_MOUSE_SS18-like_protein_2_OS=Mus_musculus_OX=10090_GN=Ss18l2_PE=3_SV=1_ANNO,TRUE,TRUE,TRUE,TRUE,Swiss-Prot,NA,SAM-Intracellular; SAM-Intracellular; SAM-Intracellular; SAM-Intracellular; SAM-Intracellular; SAM-Intracellular; SAM-Intracellular; SAM-Intracellular; SAM-Intracellular; SAM-Intracellular; SAM-Intracellular; SAM-Intracellular; SAM-Intracellular; SAM-Intracellular; SAM-Intracellular; SAM-Intracellular,0.92347705; 0.92347705; 0.92347705; 0.93253773; 0.93253773; 0.93253773; 0.93253773; 0.93253773; 0.93253773; 0.93253773; 0.93253773; 0.93253773; 0.93253773; 0.93253773; 0.93253773; 0.93253773,sp|Q9D174|S18L2_MOUSE; sp|Q9D174|S18L2_MOUSE; sp|Q9D174|S18L2_MOUSE; sp|Q9D174|S18L2_MOUSE; sp|Q9D174|S18L2_MOUSE; sp|Q9D174|S18L2_MOUSE; sp|Q9D174|S18L2_MOUSE; sp|Q9D174|S18L2_MOUSE; sp|Q9D174|S18L2_MOUSE; sp|Q9D174|S18L2_MOUSE; sp|Q9D174|S18L2_MOUSE; sp|Q9D174|S18L2_MOUSE; sp|Q9D174|S18L2_MOUSE; sp|Q9D174|S18L2_MOUSE; sp|Q9D174|S18L2_MOUSE; sp|Q9D174|S18L2_MOUSE,1.0699999999999999e-53; 1.0699999999999999e-53; 1.0699999999999999e-53; 1.0699999999999999e-53; 1.0699999999999999e-53; 1.0699999999999999e-53; 1.0699999999999999e-53; 1.0699999999999999e-53; 1.0699999999999999e-53; 1.0699999999999999e-53; 1.0699999999999999e-53; 1.0699999999999999e-53; 1.0699999999999999e-53; 1.0699999999999999e-53; 1.0699999999999999e-53; 1.0699999999999999e-53,100.0; 100.0; 100.0; 100.0; 100.0; 100.0; 100.0; 100.0; 100.0; 100.0; 100.0; 100.0; 100.0; 100.0; 100.0; 100.0,77.0; 77.0; 77.0; 77.0; 77.0; 77.0; 77.0; 77.0; 77.0; 77.0; 77.0; 77.0; 77.0; 77.0; 77.0; 77.0,161.0; 161.0; 161.0; 161.0; 161.0; 161.0; 161.0; 161.0; 161.0; 161.0; 161.0; 161.0; 161.0; 161.0; 161.0; 161.0,Ss18l2,14.010703010906653,0,17.450348426947265,0,5.395699487002159,0,9.484438989258065,0,0.41003714,Muscle,1.82737556,2.074113053,2.408315309,1.929001408,1.819752546,1.735431999,1.123331694,2.481436121,2.281474802,1.792068537,1.489265328,chr9:121539469-121541715,MSTRG.63371.21+chr9:121539469-121541715_F:1_P:0_M,NA,1060.61750460516,0.270629769840687,0.0043424709411449,0.0423380061056264,1060.61750460516,-0.127109140442741,0.187022436609845,0.679978250869602,1060.61750460516,0.144868259201958,0.125997183937833,0.428358304500936,1060.61750460516,-0.037906873149873,0.779267289765346,0.933584829008088,1060.61750460516,-0.596502502490913,8.69448780783662e-6,9.961949262339e-4,1060.61750460516,0.145210039285808,0.281655272308845,0.770256655070706,1060.61750460516,0.117873670893457,0.535776116590714,0.99988073613111,1060.61750460516,0.232722896690814,0.0157501238405642,0.130041741692449,1060.61750460516,0.270629769840687,0.0043424709411449,0.0423380061056264,1060.61750460516,-0.127109140442741,0.187022436609845,0.679978250869602,1060.61750460516,-0.165016013592614,0.082161166990467,0.357497080856912,1060.61750460516,0.144868259201958,0.125997183937833,0.428358304500936,1060.61750460516,0.145210039285808,0.281655272308845,0.770256655070706,1060.61750460516,-0.596502502490913,8.69448780783662e-6,9.961949262339e-4,MSTRG.63371.21+chr9:121539469-121541715_F:1_P:0_M,NA,NA,NA,NA,NA,NA,NA,NA,NA,NA,NA,NA,NA,NA,NA,NA,NA,NA,NA,NA,NA,NA,NA,NA,NA,NA,TRUE,FALSE,TRUE,TRUE,TRUE,FALSE,True,Other,All Microproteins,Swiss-Prot,DESeq True,Muscle-Enriched,Swiss-Prot → DESeq True → Muscle-Enriched → Other,DESeq True → Other,Swiss-Prot_DESeqTrue_Muscle-Enriched_Other
"=HYPERLINK(""https://genome.ucsc.edu/cgi-bin/hgTracks?db=mm39&position=chr9:53760754-53760852"", ""chr9:53760754-53760852"")",MERSTQELFINFTVVLITVLLMWLLVRSYQY,31,Microprotein,2,Swiss-Prot-MP,2,1,1,1,1,1,1,1,ENSMUST00000048485.7+chr9:53760757-53760849_F:0_P:2_M; sp|Q9CQD6|SARCO_MOUSE_Sarcolipin_OS=Mus_musculus_OX=10090_GN=Sln_PE=1_SV=1_ANNO,FALSE,FALSE,TRUE,TRUE,Swiss-Prot,NA,SAM-Intracellular,0.978144,sp|Q9CQD6|SARCO_MOUSE,1.24e-15,100.0,31.0,62.0,Sln,17.270623843546176,0,14.541629697068847,0,0,0,0,0,0.962564894,Muscle,0.018124323,0.192054998,0.489236654,0.093649584,4.27274e-4,0,1.260857787,2.684150667,7.40918e-4,0.003316135,0.009087683,chr9:53760757-53760849,ENSMUST00000048485.7+chr9:53760757-53760849_F:0_P:2_M,NA,264.782849252237,3.2758576722187,8.645626656102613e-14,4.962840512297701e-11,264.782849252237,-0.388606438664478,0.410849227474976,0.839738392230437,264.782849252237,1.52070190158264,6.176424390878e-4,0.0136102859966595,264.782849252237,-0.534638631036309,0.397700286026269,0.754501809421334,264.782849252237,0.0060641932533526,0.992043632986263,0.997635404790452,264.782849252237,-0.401933240439025,0.531527271521207,0.906074849700965,264.782849252237,0.421037644398266,0.62921331256975,0.99988073613111,264.782849252237,2.74121904118239,1.6607736110097702e-9,2.83903966883961e-7,264.782849252237,3.2758576722187,8.645626656102613e-14,4.962840512297701e-11,264.782849252237,-0.388606438664478,0.410849227474976,0.839738392230437,264.782849252237,-0.923245069700786,0.0279090908493511,0.20100041438069,264.782849252237,1.52070190158264,6.176424390878e-4,0.0136102859966595,264.782849252237,-0.401933240439025,0.531527271521207,0.906074849700965,264.782849252237,0.0060641932533526,0.992043632986263,0.997635404790452,ENSMUST00000048485.7+chr9:53760757-53760849_F:0_P:2_M,NA,NA,NA,NA,NA,NA,NA,NA,NA,NA,NA,NA,NA,NA,NA,NA,NA,NA,NA,NA,endoplasmic reticulum membrane [GO:0005789]; sarcoplasmic reticulum [GO:0016529]; sarcoplasmic reticulum membrane [GO:0033017],NA,NA,NA,NA,NA,TRUE,FALSE,TRUE,TRUE,TRUE,FALSE,True,Other,All Microproteins,Swiss-Prot,DESeq True,Muscle-Enriched,Swiss-Prot → DESeq True → Muscle-Enriched → Other,DESeq True → Other,Swiss-Prot_DESeqTrue_Muscle-Enriched_Other
"=HYPERLINK(""https://genome.ucsc.edu/cgi-bin/hgTracks?db=mm39&position=chr7:97199808-97214492"", ""chr7:97199808-97214492"")",MASPKIASLSWGQMKVQGSTLTYKDCKVWPGGSRAWDWRETGTEHSPGVQPADVKEVAEKGVQTLVIGRGMSEALKVPPSTVEYLEKQGIDVRVLQTEQAVKEYNALVAQGVRVGGVFHSTC,122,Microprotein,5,Swiss-Prot-MP,3,4,4,4,1,1,1,1,ENSMUST00000136757.8-chr7:97199811-97214489_F:0_P:1_M; ENSMUST00000154779.8-chr7:97199811-97214489_F:0_P:6_M; MSTRG.55143.7-chr7:97199811-97214489_F:0_P:1_M; ENSMUST00000126085.8-chr7:97199811-97214489_F:2_P:9_M; sp|Q8R0P4|AAMDC_MOUSE_Mth938_domain-containing_protein_OS=Mus_musculus_OX=10090_GN=Aamdc_PE=1_SV=1_ANNO,FALSE,TRUE,TRUE,TRUE,Swiss-Prot,NA,SAM-Intracellular; SAM-Intracellular; SAM-Intracellular; SAM-Intracellular,0.9681525; 0.9681525; 0.9681525; 0.9681525,tr|D3Z442|D3Z442_MOUSE; tr|D3Z442|D3Z442_MOUSE; tr|D3Z442|D3Z442_MOUSE; tr|D3Z442|D3Z442_MOUSE,9.45e-88; 9.45e-88; 9.45e-88; 9.45e-88,100.0; 100.0; 100.0; 100.0,122.0; 122.0; 122.0; 122.0,251.0; 251.0; 251.0; 251.0,Aamdc,27.42749345970575,0,7.8503531235844015,0,3.3690155716681645,0,4.358988301181216,0,0.625032908,Muscle,2.304226437,3.124328677,2.590954523,1.798671606,2.473038851,1.575687976,1.95099114,3.578775198,1.515488351,2.851349515,2.43717871,chr7:97199811-97214489,ENSMUST00000136757.8-chr7:97199811-97214489_F:0_P:1_M,NA,2620.09559546796,0.270991376525909,0.0025737025893829,0.0292881404054032,2620.09559546796,-0.109709075862814,0.225484417470905,0.718539886240698,2620.09559546796,0.206885651000642,0.0211589554974054,0.154880482534633,2620.09559546796,0.0489741853791545,0.700897370182185,0.905870320491559,2620.09559546796,-0.644615411229651,3.90051809356927e-7,1.107937879713e-4,2620.09559546796,0.184927978172403,0.146291135449145,0.62969498645461,2620.09559546796,-0.0252141457897918,0.888520216136654,0.99988073613111,2620.09559546796,0.319965561905064,4.020185348108e-4,0.0099869098094212,2620.09559546796,0.270991376525909,0.0025737025893829,0.0292881404054032,2620.09559546796,-0.109709075862814,0.225484417470905,0.718539886240698,2620.09559546796,-0.0607348904836593,0.498818864232183,0.796788415073297,2620.09559546796,0.206885651000642,0.0211589554974054,0.154880482534633,2620.09559546796,0.184927978172403,0.146291135449145,0.62969498645461,2620.09559546796,-0.644615411229651,3.90051809356927e-7,1.107937879713e-4,ENSMUST00000136757.8-chr7:97199811-97214489_F:0_P:1_M,NA,NA,NA,NA,NA,NA,NA,NA,NA,NA,NA,NA,NA,NA,NA,NA,NA,NA,NA,NA,cytoplasm [GO:0005737],NA,NA,NA,NA,NA,TRUE,FALSE,TRUE,TRUE,TRUE,FALSE,True,Other,All Microproteins,Swiss-Prot,DESeq True,Muscle-Enriched,Swiss-Prot → DESeq True → Muscle-Enriched → Other,DESeq True → Other,Swiss-Prot_DESeqTrue_Muscle-Enriched_Other
"=HYPERLINK(""https://genome.ucsc.edu/cgi-bin/hgTracks?db=mm39&position=chr7:35341560-35346799"", ""chr7:35341560-35346799"")",MADEELEALRKQRLAELQAKHGDPGDAAQQEAKQREAEMRNSILAQVLDQSARARLSNLALVKPEKTKAVENYLIQMARYGQLSGKVSEQGLIEILEKVSQQTEKKTTVKFNRRKVMDSDEDDADY,126,Microprotein,3,Swiss-Prot-MP,1,2,2,2,1,1,1,1,ENSMUST00000118501.8-chr7:35341563-35346796_F:1_P:1_M; ENSMUST00000191699.2-chr1:189009643-189010020_F:0_P:0_M; sp|P56812|PDCD5_MOUSE_Programmed_cell_death_protein_5_OS=Mus_musculus_OX=10090_GN=Pdcd5_PE=1_SV=3_ANNO,FALSE,FALSE,TRUE,FALSE,Swiss-Prot,NA,SAM-Intracellular; SAM-Intracellular,0.99980706; 0.9998022,sp|P56812|PDCD5_MOUSE; sp|P56812|PDCD5_MOUSE,2.84e-88; 2.84e-88,100.0; 100.0,126.0; 126.0,252.0; 252.0,Pdcd5,5.690102707443984,15.053181765724824,3.583659960220136,9.480581905344271,11.653027601018024,30.82811534660853,2.692163572634159,7.122125853529521,0.432230086,Muscle,3.107117071,2.69968749,2.953473526,2.784106747,2.275724243,1.856976778,2.377387456,3.346048613,2.75415184,2.653844927,2.487561271,chr7:35341563-35346796,ENSMUST00000118501.8-chr7:35341563-35346796_F:1_P:1_M,NA,1878.47902208778,0.242438213064807,0.0067969292741105,0.0575155430205918,1878.47902208778,-0.151956560674906,0.0933326820616252,0.541479868146928,1878.47902208778,0.405618278059994,5.25515817301006e-6,3.176202641076e-4,1878.47902208778,0.0883715194384439,0.487572536015667,0.804748871524036,1878.47902208778,-0.451990311453157,3.328948499914e-4,0.0110650129053419,1878.47902208778,0.243446844367383,0.054401428654207,0.440693021816142,1878.47902208778,-0.23056275418754,0.196725262372335,0.99988073613111,1878.47902208778,0.330809732503251,2.552738666892e-4,0.0070237212532714,1878.47902208778,0.242438213064807,0.0067969292741105,0.0575155430205918,1878.47902208778,-0.151956560674906,0.0933326820616252,0.541479868146928,1878.47902208778,-0.0635850412364626,0.477319670620643,0.782678531425731,1878.47902208778,0.405618278059994,5.25515817301006e-6,3.176202641076e-4,1878.47902208778,0.243446844367383,0.054401428654207,0.440693021816142,1878.47902208778,-0.451990311453157,3.328948499914e-4,0.0110650129053419,ENSMUST00000118501.8-chr7:35341563-35346796_F:1_P:1_M,NA,NA,NA,NA,NA,NA,NA,NA,NA,NA,NA,NA,NA,NA,NA,NA,NA,NA,NA,NA,NA,NA,NA,NA,NA,NA,TRUE,FALSE,TRUE,TRUE,TRUE,TRUE,True,Other,All Microproteins,Swiss-Prot,DESeq True,Muscle-Enriched,Swiss-Prot → DESeq True → Muscle-Enriched → Other,DESeq True → Other,Swiss-Prot_DESeqTrue_Muscle-Enriched_Other
"=HYPERLINK(""https://genome.ucsc.edu/cgi-bin/hgTracks?db=mm39&position=chr7:30751390-30753794"", ""chr7:30751390-30753794"")",MASPGHILALCVCLLSMASAEAPQEPDPFTYDYHTLRIGGLTIAGILFILGILIILSKRCRCKFNQQQRTGEPDEEEGTFRSSIRRLSSRRR,92,Microprotein,10,Swiss-Prot-MP,4,9,9,9,1,1,1,1,ENSMUST00000071697.11-chr7:30751393-30753791_F:2_P:5_M; ENSMUST00000206328.2-chr7:30751393-30753791_F:1_P:2_M; ENSMUST00000039909.13-chr7:30751393-30753791_F:2_P:3_M; ENSMUST00000205439.2-chr7:30751393-30753791_F:2_P:3_M; MSTRG.53278.39-chr7:30751393-30753791_F:1_P:2_M; ENSMUST00000206012.2-chr7:30751393-30753791_F:1_P:4_M; MSTRG.53278.24-chr7:30751393-30753791_F:1_P:2_M; MSTRG.53278.17-chr7:30751393-30753791_F:2_P:3_M; MSTRG.53278.19-chr7:30751393-30753791_F:1_P:2_M; sp|Q9Z239|PLM_MOUSE_Phospholemman_OS=Mus_musculus_OX=10090_GN=Fxyd1_PE=1_SV=1_ANNO,TRUE,TRUE,TRUE,TRUE,Swiss-Prot,NA,SAM-Intracellular; SAM-Intracellular; SAM-Intracellular; SAM-Intracellular; SAM-Intracellular; SAM-Intracellular; SAM-Intracellular; SAM-Intracellular; SAM-Intracellular,0.9914938; 0.9914938; 0.9914938; 0.9914938; 0.9914938; 0.9914938; 0.9914938; 0.9914938; 0.9914938,sp|Q9Z239|PLM_MOUSE; sp|Q9Z239|PLM_MOUSE; sp|Q9Z239|PLM_MOUSE; sp|Q9Z239|PLM_MOUSE; sp|Q9Z239|PLM_MOUSE; sp|Q9Z239|PLM_MOUSE; sp|Q9Z239|PLM_MOUSE; sp|Q9Z239|PLM_MOUSE; sp|Q9Z239|PLM_MOUSE,3.42e-64; 3.42e-64; 3.42e-64; 3.42e-64; 3.42e-64; 3.42e-64; 3.42e-64; 3.42e-64; 3.42e-64,100.0; 100.0; 100.0; 100.0; 100.0; 100.0; 100.0; 100.0; 100.0,92.0; 92.0; 92.0; 92.0; 92.0; 92.0; 92.0; 92.0; 92.0,189.0; 189.0; 189.0; 189.0; 189.0; 189.0; 189.0; 189.0; 189.0,Fxyd1,215.70371001775263,0,104.82532348762606,0,20.180788620062163,0,36.795956911223016,0,0.600887017,Muscle,3.84916234,4.590006564,4.980352262,2.496842001,0.702934339,4.893782736,3.086733667,5.309772368,1.103568244,4.757143186,4.290127439,chr7:30751393-30753791,ENSMUST00000071697.11-chr7:30751393-30753791_F:2_P:5_M,NA,8238.37762826275,0.0410269446943612,0.612851375507047,0.826824667172469,8238.37762826275,-0.0703168497724724,0.386471537182325,0.827048149647032,8238.37762826275,0.248877165938048,0.0021031677903397,0.032511751190196,8238.37762826275,0.155331245822603,0.17581986442894,0.559289265281629,8238.37762826275,-0.32673159977552,0.0043332711982127,0.0595800798821443,8238.37762826275,0.142383242283984,0.213944902971037,0.697895993850952,8238.37762826275,-0.0902087792693125,0.577631092360962,0.99988073613111,8238.37762826275,0.196358190516965,0.0155852780435987,0.129278399198718,8238.37762826275,0.0410269446943612,0.612851375507047,0.826824667172469,8238.37762826275,-0.0703168497724724,0.386471537182325,0.827048149647032,8238.37762826275,0.085014396050131,0.294374080072904,0.646681669505528,8238.37762826275,0.248877165938048,0.0021031677903397,0.032511751190196,8238.37762826275,0.142383242283984,0.213944902971037,0.697895993850952,8238.37762826275,-0.32673159977552,0.0043332711982127,0.0595800798821443,ENSMUST00000071697.11-chr7:30751393-30753791_F:2_P:5_M,NA,NA,NA,NA,NA,NA,NA,NA,NA,NA,NA,NA,NA,NA,NA,NA,NA,NA,NA,NA,apical plasma membrane [GO:0016324]; caveola [GO:0005901]; intercalated disc [GO:0014704]; sarcolemma [GO:0042383]; sodium:potassium-exchanging ATPase complex [GO:0005890]; T-tubule [GO:0030315],NA,NA,NA,NA,NA,TRUE,FALSE,TRUE,TRUE,TRUE,FALSE,True,Other,All Microproteins,Swiss-Prot,DESeq True,Muscle-Enriched,Swiss-Prot → DESeq True → Muscle-Enriched → Other,DESeq True → Other,Swiss-Prot_DESeqTrue_Muscle-Enriched_Other
"=HYPERLINK(""https://genome.ucsc.edu/cgi-bin/hgTracks?db=mm39&position=chr7:97199808-97214492"", ""chr7:97199808-97214492"")",MASPKIASLSWGQMKVQGSTLTYKDCKVWPGGSRAWDWRETGTEVPPSTVEYLEKQGIDVRVLQTEQAVKEYNALVAQGVRVGGVFHSTC,90,Microprotein,4,Swiss-Prot-MP,3,3,3,3,0,0,0,0,ENSMUST00000138060.3-chr7:97199811-97214489_F:0_P:1_M; MSTRG.55143.6-chr7:97199811-97214489_F:0_P:1_M; MSTRG.55143.8-chr7:97199811-97214489_F:0_P:6_M; sp|Q8R0P4-2|AAMDC_MOUSE_Isoform_2_of_Mth938_domain-containing_protein_OS=Mus_musculus_OX=10090_GN=Aamdc_ANNO,FALSE,TRUE,TRUE,TRUE,Swiss-Prot,NA,PRISM; PRISM; PRISM,0.64816684; 0.64816684; 0.64816684,tr|D3Z1Q3|D3Z1Q3_MOUSE; tr|D3Z1Q3|D3Z1Q3_MOUSE; tr|D3Z1Q3|D3Z1Q3_MOUSE,7.99e-64; 7.99e-64; 7.99e-64,100.0; 100.0; 100.0,90.0; 90.0; 90.0,188.0; 188.0; 188.0,Aamdc,0,0,0,0,0,0,0,0,0.625347856,Muscle,2.295133791,3.116422336,2.583366779,1.790040169,2.463501809,1.5612668,1.942446429,3.569853434,1.506589762,2.842564137,2.429441919,chr7:97199811-97214489,ENSMUST00000138060.3-chr7:97199811-97214489_F:0_P:1_M,NA,2602.91433290777,0.269334736333937,0.0026469698653159,0.0299024522783018,2602.91433290777,-0.110128950665661,0.222221454458056,0.716030130336021,2602.91433290777,0.208728732970427,0.0196223010978108,0.147172776231501,2602.91433290777,0.0478420940476063,0.70658097627471,0.907923757333241,2602.91433290777,-0.644905882650647,3.52545132140932e-7,1.098390582694e-4,2602.91433290777,0.179920945648419,0.156167657457571,0.639257634941044,2602.91433290777,-0.0170641461596693,0.924171469478164,0.99988073613111,2602.91433290777,0.317176830381543,4.329159218525e-4,0.0105580735490419,2602.91433290777,0.269334736333937,0.0026469698653159,0.0299024522783018,2602.91433290777,-0.110128950665661,0.222221454458056,0.716030130336021,2602.91433290777,-0.062286856618055,0.486486373576824,0.7892939023722,2602.91433290777,0.208728732970427,0.0196223010978108,0.147172776231501,2602.91433290777,0.179920945648419,0.156167657457571,0.639257634941044,2602.91433290777,-0.644905882650647,3.52545132140932e-7,1.098390582694e-4,ENSMUST00000138060.3-chr7:97199811-97214489_F:0_P:1_M,NA,NA,NA,NA,NA,NA,NA,NA,NA,NA,NA,NA,NA,NA,NA,NA,NA,NA,NA,NA,cytoplasm [GO:0005737],NA,NA,NA,NA,NA,TRUE,FALSE,FALSE,TRUE,TRUE,FALSE,True,Other,All Microproteins,Swiss-Prot,DESeq True,Muscle-Enriched,Swiss-Prot → DESeq True → Muscle-Enriched → Other,DESeq True → Other,Swiss-Prot_DESeqTrue_Muscle-Enriched_Other
"=HYPERLINK(""https://genome.ucsc.edu/cgi-bin/hgTracks?db=mm39&position=chr7:142086912-142094399"", ""chr7:142086912-142094399"")",MARNVLYPLYQLGGPQLRVFRTNFFIQLVRPGTAQPEDTVQFRIPMEMTRVDLRNYLEQIYNVPVAAVRTRVQHGSNRRRDHKNVRIKKPDYKVAYVQLAHGQTFTFPDLFPEKDPRSPEPLEEELPQQRQSSDLRCPGIPSWFGL,146,Microprotein,3,Swiss-Prot-MP,1,2,1,2,2,2,2,2,ENSMUST00000038675.7+chr7:142086915-142094396_F:0_P:2_M; ENSMUST00000173086.2-chr2:74421799-74422236_F:0_P:0_M; sp|O35972|RM23_MOUSE_Large_ribosomal_subunit_protein_uL23m_OS=Mus_musculus_OX=10090_GN=Mrpl23_PE=1_SV=1_ANNO,FALSE,FALSE,TRUE,FALSE,Swiss-Prot,NA,SAM-Intracellular; SAM-Intracellular,0.9133081; 0.91318107,sp|O35972|RM23_MOUSE,4.88e-107,100.0,146.0,301.0,Mrpl23,10.342848627752954,23.613809652404004,3.562298657777514,8.133101958396152,15.301554512276596,34.93505596410182,2.765964153129636,6.314986650980904,0.43491963300000003,Muscle,2.555212317,2.433380747,2.657665761,1.934037325,2.061025834,1.984586905,2.032539251,2.904055992,2.208096358,1.974507761,2.158471778,chr7:142086915-142094396,ENSMUST00000038675.7+chr7:142086915-142094396_F:0_P:2_M,NA,1481.51030498921,-0.0270990502222229,0.726119151488743,0.885714805859015,1481.51030498921,-0.0030755559768728,0.968412116839362,0.994947421896069,1481.51030498921,0.237164103822353,0.001900383967347,0.0301838785116473,1481.51030498921,-0.0783410734735791,0.476368981807531,0.799536288801261,1481.51030498921,-0.37442383544805,5.7572142379e-4,0.0160238033796512,1481.51030498921,0.10536162306184,0.331581244119823,0.803959716905882,1481.51030498921,0.137958568946622,0.370411015313748,0.99988073613111,1481.51030498921,-0.105440123695802,0.177593938300134,0.510692796684488,1481.51030498921,-0.0270990502222229,0.726119151488743,0.885714805859015,1481.51030498921,-0.0030755559768728,0.968412116839362,0.994947421896069,1481.51030498921,-0.081416629450452,0.295991592482366,0.648161007904052,1481.51030498921,0.237164103822353,0.001900383967347,0.0301838785116473,1481.51030498921,0.10536162306184,0.331581244119823,0.803959716905882,1481.51030498921,-0.37442383544805,5.7572142379e-4,0.0160238033796512,ENSMUST00000038675.7+chr7:142086915-142094396_F:0_P:2_M,NA,NA,NA,NA,NA,NA,NA,NA,NA,NA,NA,NA,NA,NA,NA,NA,NA,NA,NA,NA,NA,NA,NA,NA,NA,NA,TRUE,FALSE,TRUE,TRUE,TRUE,TRUE,True,Other,All Microproteins,Swiss-Prot,DESeq True,Muscle-Enriched,Swiss-Prot → DESeq True → Muscle-Enriched → Other,DESeq True → Other,Swiss-Prot_DESeqTrue_Muscle-Enriched_Other
"=HYPERLINK(""https://genome.ucsc.edu/cgi-bin/hgTracks?db=mm39&position=chr8:105897605-105942604"", ""chr8:105897605-105942604"")",MPRVVPDQRSKFENEEFFRKLSRECEIKYTGFRDRPHEERQTRFQNACRDGRSEIVYLKAPMILNGVCVIWKGWIDLHRLDGMGCLEFDEERAQQEDALAQQAFEEARRRTREFEDRDRSHREEMEARRQQDPSPGSNLGGGDDLKLR,148,Microprotein,2,Swiss-Prot-MP,4,1,1,1,0,0,0,0,ENSMUST00000109394.3+chr8:105897608-105942601_F:2_P:0_M; sp|Q08024-4|PEBB_MOUSE_Isoform_4_of_Core-binding_factor_subunit_beta_OS=Mus_musculus_OX=10090_GN=Cbfb_ANNO,TRUE,TRUE,TRUE,TRUE,Swiss-Prot,NA,SAM-Intracellular,0.9992211,sp|Q08024|PEBB_MOUSE,5.83e-100,79.144,187.0,285.0,Cbfb,0,0,0,0,0,0,0,0,0.56377706,Muscle,2.605147566,1.108070705,1.134822005,1.500518891,1.243600414,1.118079498,2.106282488,2.7139690930000002,2.107833716,1.481539163,2.33536266,chr8:105897608-105942601,ENSMUST00000109394.3+chr8:105897608-105942601_F:2_P:0_M,NA,1794.15307869861,-0.241158989495433,0.0223039475414076,0.12896535788994,1794.15307869861,-0.0655303150228223,0.534443970468548,0.88813313455709,1794.15307869861,0.366383223281179,4.531059138649e-4,0.0107525620228847,1794.15307869861,0.281768003057659,0.059214965475928,0.357915231287399,1794.15307869861,-0.516507089119024,5.161828211491e-4,0.0148974661245998,1794.15307869861,0.284905450113315,0.0542820508231627,0.440261979498852,1794.15307869861,-0.260707369203197,0.214834731545868,0.99988073613111,1794.15307869861,0.0406090135622255,0.70079253908586,0.896273103822228,1794.15307869861,-0.241158989495433,0.0223039475414076,0.12896535788994,1794.15307869861,-0.0655303150228223,0.534443970468548,0.88813313455709,1794.15307869861,0.216237688034837,0.0408418606587657,0.249444811204889,1794.15307869861,0.366383223281179,4.531059138649e-4,0.0107525620228847,1794.15307869861,0.284905450113315,0.0542820508231627,0.440261979498852,1794.15307869861,-0.516507089119024,5.161828211491e-4,0.0148974661245998,ENSMUST00000109394.3+chr8:105897608-105942601_F:2_P:0_M,NA,NA,NA,NA,NA,NA,NA,NA,NA,NA,NA,NA,NA,NA,NA,NA,NA,NA,NA,NA,core-binding factor complex [GO:0016513]; nucleoplasm [GO:0005654]; nucleus [GO:0005634]; protein-containing complex [GO:0032991],NA,NA,NA,NA,NA,TRUE,FALSE,TRUE,TRUE,TRUE,FALSE,True,Other,All Microproteins,Swiss-Prot,DESeq True,Muscle-Enriched,Swiss-Prot → DESeq True → Muscle-Enriched → Other,DESeq True → Other,Swiss-Prot_DESeqTrue_Muscle-Enriched_Other
"=HYPERLINK(""https://genome.ucsc.edu/cgi-bin/hgTracks?db=mm39&position=chr5:143534701-143548532"", ""chr5:143534701-143548532"")",MATALSGLAVRLSRSAAARSYGVFCKGLTRTLLIFFDLAWRLRINFPYLYIVASMMLNVRLQVHIEIH,68,Microprotein,3,Swiss-Prot-MP,0,2,1,2,1,1,1,1,ENSMUST00000067145.12+chr5:143534704-143548529_F:1_P:2_M; ENSMUST00000200267.2+chr5:143534704-143548529_F:1_P:2_M; sp|Q5U425|SGSN1_MOUSE_Small_integral_membrane_protein_10-like_protein_3_OS=Mus_musculus_OX=10090_GN=Smim10l3_PE=1_SV=1_ANNO,FALSE,FALSE,FALSE,FALSE,Swiss-Prot,NA,SAM-Intracellular; SAM-Intracellular,0.90762776; 0.90762776,sp|Q5U425|SGSN1_MOUSE,7.249999999999999e-45,100.0,68.0,138.0,Fam220a,1.3085861789797524,0,0.3560354580762545,0,0.933287825327784,0,0.0619746595468964,0,0.61537198,Muscle,0.428058908,0.357549632,0.98506051,0.674603646,0.270067651,0.265552683,0.564345266,1.107152475,0.676422507,0.467983313,0.453259516,chr5:143534704-143548529,ENSMUST00000067145.12+chr5:143534704-143548529_F:1_P:2_M,NA,295.978629496306,0.0773136925467907,0.589904167569469,0.813970300419815,295.978629496306,0.0297749269882615,0.836938304275796,0.969238796376998,295.978629496306,-0.104500038270533,0.465536930999744,0.769812926861589,295.978629496306,0.352442616491912,0.0818201989997784,0.409188572662322,295.978629496306,-0.475536774365241,0.020000028391293,0.151037672954317,295.978629496306,0.0168740147996538,0.934081407032275,0.990069591279505,295.978629496306,0.246746275923276,0.390013815679728,0.99988073613111,295.978629496306,0.429756309038703,0.0026479621961044,0.0399785296068714,295.978629496306,0.0773136925467907,0.589904167569469,0.813970300419815,295.978629496306,0.0297749269882615,0.836938304275796,0.969238796376998,295.978629496306,0.382217543480174,0.0070013414561729,0.0893130065724234,295.978629496306,-0.104500038270533,0.465536930999744,0.769812926861589,295.978629496306,0.0168740147996538,0.934081407032275,0.990069591279505,295.978629496306,-0.475536774365241,0.020000028391293,0.151037672954317,ENSMUST00000067145.12+chr5:143534704-143548529_F:1_P:2_M,NA,NA,NA,NA,NA,NA,NA,NA,NA,NA,NA,NA,NA,NA,NA,NA,NA,NA,NA,NA,acrosomal vesicle [GO:0001669]; cytoplasm [GO:0005737]; nucleus [GO:0005634],NA,NA,NA,NA,NA,FALSE,FALSE,TRUE,TRUE,TRUE,FALSE,True,Other,All Microproteins,Swiss-Prot,DESeq True,Muscle-Enriched,Swiss-Prot → DESeq True → Muscle-Enriched → Other,DESeq True → Other,Swiss-Prot_DESeqTrue_Muscle-Enriched_Other
"=HYPERLINK(""https://genome.ucsc.edu/cgi-bin/hgTracks?db=mm39&position=chr6:72346286-72357369"", ""chr6:72346286-72357369"")",MAGKELKQCQQQADEVTEIMLNNFDKVLERHGKLAELEQRSDQLLDMSSAFSKTTKTLAQQKRWENIRCRVYLGLAVAVGLLIILIVLLVVFLPSGGDSSKP,102,Microprotein,5,Swiss-Prot-MP,3,4,4,4,1,1,1,1,MSTRG.49919.5-chr6:72346289-72357366_F:0_P:0_M; MSTRG.49919.14-chr6:72346289-72357366_F:0_P:0_M; ENSMUST00000074231.6-chr6:72346289-72357366_F:0_P:0_M; ENSMUST00000101285.10-chr6:72346289-72357366_F:0_P:0_M; sp|Q9Z2P8|VAMP5_MOUSE_Vesicle-associated_membrane_protein_5_OS=Mus_musculus_OX=10090_GN=Vamp5_PE=1_SV=1_ANNO,FALSE,TRUE,TRUE,TRUE,Swiss-Prot,NA,SAM-Intracellular; SAM-Intracellular; SAM-Intracellular; SAM-Intracellular,0.9995258; 0.9995258; 0.9995258; 0.9995258,sp|Q9Z2P8|VAMP5_MOUSE; sp|Q9Z2P8|VAMP5_MOUSE; sp|Q9Z2P8|VAMP5_MOUSE; sp|Q9Z2P8|VAMP5_MOUSE,8.44e-72; 8.44e-72; 8.44e-72; 8.44e-72,100.0; 100.0; 100.0; 100.0,102.0; 102.0; 102.0; 102.0,209.0; 209.0; 209.0; 209.0,Vamp5,37.00903220828689,0,6.296495795133119,0,2.2719332181755227,0,1.722978343821162,0,0.762305683,Muscle,1.703540229,1.053087761,1.845672372,0.348669536,1.065883036,0.936811671,2.269592015,2.977270059,0.752981469,1.238604312,1.708065099,chr6:72346289-72357366,MSTRG.49919.5-chr6:72346289-72357366_F:0_P:0_M,NA,1736.47294609267,-0.391793321667849,9.63286870997256e-8,8.53275578546223e-6,1736.47294609267,-0.03846410483667,0.598162580638098,0.906930894188661,1736.47294609267,-0.0712114310041387,0.324845522226258,0.665802492250773,1736.47294609267,0.369011034198894,3.776126469156e-4,0.0347131686910454,1736.47294609267,0.201419546663222,0.0510940368163875,0.258177617914602,1736.47294609267,0.202465178617401,0.0486563298976473,0.423978746331368,1736.47294609267,-0.461881467145571,0.0015361444481012,0.466957725834303,1736.47294609267,-0.0227822874689544,0.756032538210636,0.918111468468993,1736.47294609267,-0.391793321667849,9.63286870997256e-8,8.53275578546223e-6,1736.47294609267,-0.03846410483667,0.598162580638098,0.906930894188661,1736.47294609267,0.330546929362224,7.50648960888323e-6,6.575538085164e-4,1736.47294609267,-0.0712114310041387,0.324845522226258,0.665802492250773,1736.47294609267,0.202465178617401,0.0486563298976473,0.423978746331368,1736.47294609267,0.201419546663222,0.0510940368163875,0.258177617914602,MSTRG.49919.5-chr6:72346289-72357366_F:0_P:0_M,NA,NA,NA,NA,NA,NA,NA,NA,NA,NA,NA,NA,NA,NA,NA,NA,NA,NA,NA,NA,cell surface [GO:0009986]; cytoplasmic vesicle membrane [GO:0030659]; Golgi apparatus [GO:0005794]; intercalated disc [GO:0014704]; late endosome [GO:0005770]; organelle membrane [GO:0031090]; perinuclear region of cytoplasm [GO:0048471]; plasma membrane [GO:0005886],NA,NA,NA,NA,NA,TRUE,FALSE,TRUE,TRUE,TRUE,FALSE,True,Other,All Microproteins,Swiss-Prot,DESeq True,Muscle-Enriched,Swiss-Prot → DESeq True → Muscle-Enriched → Other,DESeq True → Other,Swiss-Prot_DESeqTrue_Muscle-Enriched_Other
"=HYPERLINK(""https://genome.ucsc.edu/cgi-bin/hgTracks?db=mm39&position=chr3:7502422-7507150"", ""chr3:7502422-7507150"")",MTDVETTYADFIASGRTGRRNAIHDILVSSASGNSNELALKLAGLDINKTEGEDDGQRSSTEQSGEAQGEAAKSES,76,Microprotein,6,Swiss-Prot-MP,2,5,5,5,1,1,1,1,MSTRG.36625.1+chr3:7502425-7507147_F:1_P:3_M; MSTRG.36625.2+chr3:7502425-7507147_F:0_P:0_M; MSTRG.36625.5+chr3:7502425-7507147_F:2_P:5_M; ENSMUST00000028999.12+chr3:7502425-7507147_F:0_P:0_M; ENSMUST00000193330.2+chr3:7502425-7507147_F:0_P:0_M; sp|P63248|IPKA_MOUSE_cAMP-dependent_protein_kinase_inhibitor_alpha_OS=Mus_musculus_OX=10090_GN=Pkia_PE=1_SV=2_ANNO,FALSE,FALSE,TRUE,TRUE,Swiss-Prot,NA,SAM-Intracellular; SAM-Intracellular; SAM-Intracellular; SAM-Intracellular; SAM-Intracellular,0.7710769; 0.7710769; 0.7710769; 0.7710769; 0.7710769,sp|P63248|IPKA_MOUSE; sp|P63248|IPKA_MOUSE; sp|P63248|IPKA_MOUSE; sp|P63248|IPKA_MOUSE; sp|P63248|IPKA_MOUSE,8.79e-50; 8.79e-50; 8.79e-50; 8.79e-50; 8.79e-50,100.0; 100.0; 100.0; 100.0; 100.0,76.0; 76.0; 76.0; 76.0; 76.0,151.0; 151.0; 151.0; 151.0; 151.0,Pkia,7.078197207267296,0,19.331126082876995,0,0.6512230437436558,0,0.0679832119670977,0,0.896516524,Muscle,0.221813362,0.485893693,3.244862191,2.790546802,0.904721969,0.046758635,0.871221009,4.220412749,0.892233849,0.49442453200000003,0.368536164,chr3:7502425-7507147,MSTRG.36625.1+chr3:7502425-7507147_F:1_P:3_M,NA,4908.04226654417,0.119801352301101,0.180385336302607,0.459142448182689,4908.04226654417,-0.0549169799552102,0.540148115342098,0.890540111733852,4908.04226654417,0.188411849728426,0.0348198500718336,0.210879991299616,4908.04226654417,0.238983767191652,0.0589732260157022,0.357215609026727,4908.04226654417,-0.394850725289169,0.0017766530209143,0.0339863238049269,4908.04226654417,0.261428548440296,0.0385886061655028,0.378745457725797,4908.04226654417,-0.271955563354325,0.12793300072233799,0.979129461618035,4908.04226654417,0.358785119492753,6.1519491235738507e-05,0.0022896605605776,4908.04226654417,0.119801352301101,0.180385336302607,0.459142448182689,4908.04226654417,-0.0549169799552102,0.540148115342098,0.890540111733852,4908.04226654417,0.184066787236442,0.0393412902170424,0.244532589311739,4908.04226654417,0.188411849728426,0.0348198500718336,0.210879991299616,4908.04226654417,0.261428548440296,0.0385886061655028,0.378745457725797,4908.04226654417,-0.394850725289169,0.0017766530209143,0.0339863238049269,MSTRG.36625.1+chr3:7502425-7507147_F:1_P:3_M,NA,NA,NA,NA,NA,NA,NA,NA,NA,NA,NA,NA,NA,NA,NA,NA,NA,NA,NA,NA,cytoplasm [GO:0005737]; nucleus [GO:0005634],NA,NA,NA,NA,NA,TRUE,FALSE,TRUE,TRUE,TRUE,FALSE,True,Other,All Microproteins,Swiss-Prot,DESeq True,Muscle-Enriched,Swiss-Prot → DESeq True → Muscle-Enriched → Other,DESeq True → Other,Swiss-Prot_DESeqTrue_Muscle-Enriched_Other
"=HYPERLINK(""https://genome.ucsc.edu/cgi-bin/hgTracks?db=mm39&position=chr1:151769145-151882392"", ""chr1:151769145-151882392"")",MGCASAKHVATVQNEEEAQRGKSYQNGDVFGDEYRIKPVEEVKYMKNGAEEEQKIAARNQENLEKSASSNTRLKTNKEIPGLVHQPRANMHISESQQEFFRMLDEKIEKGRDYCSEEEDIT,121,Microprotein,5,Swiss-Prot-MP,1,4,4,4,1,1,1,1,ENSMUST00000187603.7-chr1:151769148-151882389_F:1_P:4_M; ENSMUST00000044581.14-chr1:151769148-151882389_F:1_P:4_M; MSTRG.3171.4-chr1:151769148-151882389_F:0_P:7_M; MSTRG.3171.2-chr1:151769148-151882389_F:0_P:8_M; sp|Q8K207|CA021_MOUSE_Uncharacterized_protein_C1orf21_homolog_OS=Mus_musculus_OX=10090_PE=1_SV=1_ANNO,FALSE,FALSE,TRUE,FALSE,Swiss-Prot,NA,SAM-Intracellular; SAM-Intracellular; SAM-Intracellular; SAM-Intracellular,0.9952884; 0.9952884; 0.9952884; 0.9952884,sp|Q8K207|CA021_MOUSE; sp|Q8K207|CA021_MOUSE; sp|Q8K207|CA021_MOUSE; sp|Q8K207|CA021_MOUSE,6.19e-88; 6.19e-88; 6.19e-88; 6.19e-88,100.0; 100.0; 100.0; 100.0,121.0; 121.0; 121.0; 121.0,251.0; 251.0; 251.0; 251.0,1700025G04Rik,0.2857578957503511,0,1.9408902730322408,0,0.4419713115771064,0,0.3040373666626652,0,0.58429595,Muscle,1.894444929,0.326670951,1.308006452,1.833194975,0.320901339,0.196727667,0.836093476,1.975172558,1.844237743,0.62467938,0.897897397,chr1:151769148-151882389,ENSMUST00000187603.7-chr1:151769148-151882389_F:1_P:4_M,NA,638.206764382992,0.141483659489444,0.172095813534211,0.447166762082601,638.206764382992,-0.271829830400805,0.0104770893812707,0.215095467012658,638.206764382992,0.132119095781031,0.198937938217228,0.536608021635045,638.206764382992,0.373230358117659,0.0117119501466415,0.182766456600819,638.206764382992,-0.171875124143073,0.237159894519801,0.566450096865221,638.206764382992,0.365346418877322,0.0131790036326188,0.217320213108169,638.206764382992,-0.373937394019557,0.0702255529036042,0.909383134820858,638.206764382992,0.514714017607103,1.13742044893018e-6,7.81420360635794e-5,638.206764382992,0.141483659489444,0.172095813534211,0.447166762082601,638.206764382992,-0.271829830400805,0.0104770893812707,0.215095467012658,638.206764382992,0.101400527716855,0.325718084606274,0.674877758627966,638.206764382992,0.132119095781031,0.198937938217228,0.536608021635045,638.206764382992,0.365346418877322,0.0131790036326188,0.217320213108169,638.206764382992,-0.171875124143073,0.237159894519801,0.566450096865221,ENSMUST00000187603.7-chr1:151769148-151882389_F:1_P:4_M,NA,NA,NA,NA,NA,NA,NA,NA,NA,NA,NA,NA,NA,NA,NA,NA,NA,NA,NA,NA,NA,NA,NA,NA,NA,NA,TRUE,FALSE,TRUE,TRUE,TRUE,FALSE,True,Other,All Microproteins,Swiss-Prot,DESeq True,Muscle-Enriched,Swiss-Prot → DESeq True → Muscle-Enriched → Other,DESeq True → Other,Swiss-Prot_DESeqTrue_Muscle-Enriched_Other
"=HYPERLINK(""https://genome.ucsc.edu/cgi-bin/hgTracks?db=mm39&position=chr1:91107808-91151083"", ""chr1:91107808-91151083"")",MAPGLRGLPRCGLWLLLAHHLFMVTACRDPDYGTLIQELCLSRFKENMETIGKTLWCDWGKTIQSYGELTYCTKHVAHTIGCFWPNPEVDRFFIAVHHRYFSKCPISGRALRDPPNSILCPFIALPITVTLLMTALVVWRSKRTEGIV,148,Microprotein,2,Swiss-Prot-MP,3,1,1,1,1,1,1,1,ENSMUST00000097648.6+chr1:91107811-91151080_F:1_P:0_M; sp|Q9WTJ5|RAMP1_MOUSE_Receptor_activity-modifying_protein_1_OS=Mus_musculus_OX=10090_GN=Ramp1_PE=1_SV=1_ANNO,FALSE,TRUE,TRUE,TRUE,Swiss-Prot,NA,SAM-Intracellular,0.9070043,sp|Q9WTJ5|RAMP1_MOUSE,9.240000000000001e-110,100.0,148.0,308.0,Ramp1,16.08500080704566,0,1.7421869792882865,0,0.5371620766428863,0,0.6425876768690761,0,0.71115286,Muscle,1.771893166,0.481306524,0.815358163,2.719996102,0.073519552,0.50756833,1.97953759,2.734604381,1.400915852,0.644054151,1.353909289,chr1:91107811-91151080,ENSMUST00000097648.6+chr1:91107811-91151080_F:1_P:0_M,NA,794.269156239587,-0.747713364303936,5.0943638520620704e-9,7.44416684153124e-7,794.269156239587,-0.104287487430968,0.409719347820325,0.83956032967418,794.269156239587,-0.237158507366644,0.0597522033314501,0.288370010079664,794.269156239587,0.427387001830745,0.0180918066399177,0.22130855254132,794.269156239587,0.166023387199415,0.358256819183033,0.677293151121106,794.269156239587,0.329989878202656,0.0646542384889761,0.47567951818408,794.269156239587,-0.425180728561167,0.0954111227698396,0.942299036200812,794.269156239587,-0.320326362473191,0.0121673748598176,0.110559956754128,794.269156239587,-0.747713364303936,5.0943638520620704e-9,7.44416684153124e-7,794.269156239587,-0.104287487430968,0.409719347820325,0.83956032967418,794.269156239587,0.323099514399778,0.0123836034331734,0.126177019236591,794.269156239587,-0.237158507366644,0.0597522033314501,0.288370010079664,794.269156239587,0.329989878202656,0.0646542384889761,0.47567951818408,794.269156239587,0.166023387199415,0.358256819183033,0.677293151121106,ENSMUST00000097648.6+chr1:91107811-91151080_F:1_P:0_M,NA,NA,NA,NA,NA,NA,NA,NA,NA,NA,NA,NA,NA,NA,NA,NA,NA,NA,NA,NA,cell surface [GO:0009986]; CGRP receptor complex [GO:1990406],NA,NA,NA,NA,NA,TRUE,FALSE,TRUE,TRUE,TRUE,FALSE,True,Other,All Microproteins,Swiss-Prot,DESeq True,Muscle-Enriched,Swiss-Prot → DESeq True → Muscle-Enriched → Other,DESeq True → Other,Swiss-Prot_DESeqTrue_Muscle-Enriched_Other
"=HYPERLINK(""https://genome.ucsc.edu/cgi-bin/hgTracks?db=mm39&position=chrX:156485967-156504058"", ""chrX:156485967-156504058"")",MSKQPISNVRAIQANINIPMGAFRPGAGQPPRRKESTPETEEGAPTTSEEKKPIPGMKKFPGPVVNLSEIQNVKSELKFVPKGEQ,85,Microprotein,9,Swiss-Prot-MP,2,8,8,8,1,1,1,1,ENSMUST00000038007.10+chrX:156485970-156504055_F:0_P:8_M; ENSMUST00000112520.2+chrX:156485970-156504055_F:1_P:1_M; ENSMUST00000112521.8+chrX:156485970-156504055_F:0_P:2_M; ENSMUST00000190091.7+chrX:156485970-156504055_F:0_P:5_M; MSTRG.65889.6+chrX:156485970-156504055_F:1_P:3_M; MSTRG.65889.7+chrX:156485970-156504055_F:1_P:3_M; MSTRG.65889.3+chrX:156485970-156504055_F:2_P:4_M; MSTRG.65889.4+chrX:156485970-156504055_F:2_P:4_M; sp|Q9DC77|SMPX_MOUSE_Small_muscular_protein_OS=Mus_musculus_OX=10090_GN=Smpx_PE=1_SV=2_ANNO,FALSE,FALSE,TRUE,TRUE,Swiss-Prot,NA,SAM-Intracellular; SAM-Intracellular; SAM-Intracellular; SAM-Intracellular; SAM-Intracellular; SAM-Intracellular; SAM-Intracellular; SAM-Intracellular,0.93747586; 0.93747586; 0.93747586; 0.93747586; 0.93747586; 0.93747586; 0.93747586; 0.93747586,sp|Q9DC77|SMPX_MOUSE; sp|Q9DC77|SMPX_MOUSE; sp|Q9DC77|SMPX_MOUSE; sp|Q9DC77|SMPX_MOUSE; sp|Q9DC77|SMPX_MOUSE; sp|Q9DC77|SMPX_MOUSE; sp|Q9DC77|SMPX_MOUSE; sp|Q9DC77|SMPX_MOUSE,9.98e-56; 9.98e-56; 9.98e-56; 9.98e-56; 9.98e-56; 9.98e-56; 9.98e-56; 9.98e-56,100.0; 100.0; 100.0; 100.0; 100.0; 100.0; 100.0; 100.0,85.0; 85.0; 85.0; 85.0; 85.0; 85.0; 85.0; 85.0,167.0; 167.0; 167.0; 167.0; 167.0; 167.0; 167.0; 167.0,Smpx,38.42774588313468,0,87.58036710851887,0,0.0190371400707248,0,0,0,0.897489389,Muscle,1.520442999,0.756890664,4.615887352,0.064332983,0.101073009,0.008056649,0.488476317,4.755119833,0.021982575,0.008761444,0.043198466,chrX:156485970-156504055,ENSMUST00000038007.10+chrX:156485970-156504055_F:0_P:8_M,NA,5815.54109356963,0.860293468998805,5.96622731725148e-20,8.999665969526331e-17,5815.54109356963,0.122330039845003,0.195339700388103,0.687026241151904,5815.54109356963,0.0270104129946712,0.774596783430503,0.925377828352579,5815.54109356963,-0.364446456756828,0.0062001240504981,0.138563967798068,5815.54109356963,-0.582472502590783,1.20151367653517e-5,0.001246914217917,5815.54109356963,-0.113675445490909,0.394471088864666,0.842524749960138,5815.54109356963,0.211844619405811,0.26060983618662,0.99988073613111,5815.54109356963,0.495847012241977,1.42712053201826e-7,1.39647792636133e-5,5815.54109356963,0.860293468998805,5.96622731725148e-20,8.999665969526331e-17,5815.54109356963,0.122330039845003,0.195339700388103,0.687026241151904,5815.54109356963,-0.242116416911825,0.0098782825374751,0.110756478843567,5815.54109356963,0.0270104129946712,0.774596783430503,0.925377828352579,5815.54109356963,-0.113675445490909,0.394471088864666,0.842524749960138,5815.54109356963,-0.582472502590783,1.20151367653517e-5,0.001246914217917,ENSMUST00000038007.10+chrX:156485970-156504055_F:0_P:8_M,NA,NA,NA,NA,NA,NA,NA,NA,NA,NA,NA,NA,NA,NA,NA,NA,NA,NA,NA,NA,contractile muscle fiber [GO:0043292]; costamere [GO:0043034]; cytoplasm [GO:0005737]; M band [GO:0031430]; muscle tendon junction [GO:0005927]; nucleus [GO:0005634],NA,NA,NA,NA,NA,TRUE,FALSE,TRUE,TRUE,TRUE,FALSE,True,Other,All Microproteins,Swiss-Prot,DESeq True,Muscle-Enriched,Swiss-Prot → DESeq True → Muscle-Enriched → Other,DESeq True → Other,Swiss-Prot_DESeqTrue_Muscle-Enriched_Other
"=HYPERLINK(""https://genome.ucsc.edu/cgi-bin/hgTracks?db=mm39&position=chr10:70055323-70055466"", ""chr10:70055323-70055466"")",MSGKSWVLISTTSPQSLEDEILGRLLKILFVLFVDLMSIMYVVITS,46,Microprotein,7,Swiss-Prot-MP,2,6,6,6,1,1,1,1,ENSMUST00000189468.2+chr10:70055326-70055463_F:0_P:0_M; MSTRG.5998.2+chr10:70055326-70055463_F:2_P:19_M; ENSMUST00000190199.2+chr10:70055326-70055463_F:1_P:1_M; ENSMUST00000020090.8+chr10:70055326-70055463_F:0_P:0_M; MSTRG.5998.17+chr10:70055326-70055463_F:0_P:30_M; MSTRG.5998.18+chr10:70055326-70055463_F:0_P:14_M; sp|Q9CV60|MLN_MOUSE_Myoregulin_OS=Mus_musculus_OX=10090_GN=Mrln_PE=1_SV=2_ANNO,FALSE,FALSE,TRUE,TRUE,Swiss-Prot,NA,SAM-Intracellular; SAM-Intracellular; SAM-Intracellular; SAM-Intracellular; SAM-Intracellular; SAM-Intracellular,0.8042685; 0.8042685; 0.8042685; 0.8042685; 0.8042685; 0.8042685,sp|Q9CV60|MLN_MOUSE; sp|Q9CV60|MLN_MOUSE; sp|Q9CV60|MLN_MOUSE; sp|Q9CV60|MLN_MOUSE; sp|Q9CV60|MLN_MOUSE; sp|Q9CV60|MLN_MOUSE,3.6e-26; 3.6e-26; 3.6e-26; 3.6e-26; 3.6e-26; 3.6e-26,100.0; 100.0; 100.0; 100.0; 100.0; 100.0,46.0; 46.0; 46.0; 46.0; 46.0; 46.0,89.7; 89.7; 89.7; 89.7; 89.7; 89.7,Mrln,6.628041489106399,0,0.1346486497441067,0,0.0241595736479747,0,0,0,0.973521658,Muscle,0.026287979,0.089028496,0.08557973,0.034784617,0.034205608,7.12693e-4,0.068793707,2.076863171,0.66991574,0.014315191,0.015026689,chr10:70055326-70055463,ENSMUST00000189468.2+chr10:70055326-70055463_F:0_P:0_M,NA,931.839261274341,0.0755293120959947,0.581712103960837,0.809535212796852,931.839261274341,0.381547658026992,0.005279376648674,0.151674595076879,931.839261274341,0.0551833082410445,0.686457893917805,0.891481871658515,931.839261274341,-0.0914525267603233,0.636191322786056,0.876881216135653,931.839261274341,-0.967423185645643,6.94915538278974e-7,1.670769546091e-4,931.839261274341,0.270281011875474,0.160502977344431,0.644592276185803,931.839261274341,0.164650384119198,0.547667381989922,0.99988073613111,931.839261274341,-0.0159232146643285,0.907004374114324,0.972726420457661,931.839261274341,0.0755293120959947,0.581712103960837,0.809535212796852,931.839261274341,0.381547658026992,0.005279376648674,0.151674595076879,931.839261274341,0.290095131266668,0.0337398123806825,0.224290763532523,931.839261274341,0.0551833082410445,0.686457893917805,0.891481871658515,931.839261274341,0.270281011875474,0.160502977344431,0.644592276185803,931.839261274341,-0.967423185645643,6.94915538278974e-7,1.670769546091e-4,ENSMUST00000189468.2+chr10:70055326-70055463_F:0_P:0_M,NA,NA,NA,NA,NA,NA,NA,NA,NA,NA,NA,NA,NA,NA,NA,NA,NA,NA,NA,NA,endoplasmic reticulum membrane [GO:0005789]; sarcoplasmic reticulum membrane [GO:0033017],NA,NA,NA,NA,NA,TRUE,FALSE,TRUE,TRUE,TRUE,FALSE,True,Other,All Microproteins,Swiss-Prot,DESeq True,Muscle-Enriched,Swiss-Prot → DESeq True → Muscle-Enriched → Other,DESeq True → Other,Swiss-Prot_DESeqTrue_Muscle-Enriched_Other
"=HYPERLINK(""https://genome.ucsc.edu/cgi-bin/hgTracks?db=mm39&position=chr10:71091659-71120957"", ""chr10:71091659-71120957"")",MALKRIQKELSDLQRDPPAHCSAGPVGDDLFHWQATIMGPPDSAYQGGVFFLTVHFPTDYPFKPPKIAFTTKIYHPNINSNGSICLDILRSQWSPALTVSKVLLSICSLLCDPNPDDPLVPDIAQIYKSDKEKYNRHAREWTQKYAM,147,Microprotein,3,Swiss-Prot-MP,3,2,2,2,1,1,1,1,MSTRG.6041.2-chr10:71091662-71120954_F:0_P:4_M; ENSMUST00000020085.7-chr10:71091662-71120954_F:2_P:0_M; sp|P61080|UB2D1_MOUSE_Ubiquitin-conjugating_enzyme_E2_D1_OS=Mus_musculus_OX=10090_GN=Ube2d1_PE=1_SV=1_ANNO,FALSE,TRUE,TRUE,TRUE,Swiss-Prot,NA,SAM-Intracellular; SAM-Intracellular,0.98916143; 0.98916143,sp|P61080|UB2D1_MOUSE; sp|P61080|UB2D1_MOUSE,1.27e-109; 1.27e-109,100.0; 100.0,147.0; 147.0,308.0; 308.0,Ube2d1,37.02107315418649,0,8.316279414162118,0,4.079233212151709,0,1.4603921499966768,0,0.810879031,Muscle,1.278845112,1.125539457,1.83639094,2.423350206,1.376354487,0.689489739,1.688278527,3.542793897,1.872510957,1.271954732,1.631270176,chr10:71091662-71120954,MSTRG.6041.2-chr10:71091662-71120954_F:0_P:4_M,NA,3579.61441907169,-0.337714216776537,1.427262371958e-4,0.0033119753307247,3579.61441907169,0.0629236713659143,0.477282560464033,0.867337032011112,3579.61441907169,-0.0378753266367228,0.668038811893019,0.883220766721156,3579.61441907169,0.318353961097428,0.0111497899589103,0.178767006416223,3579.61441907169,0.322100882305672,0.0100854244162643,0.0998116139563132,3579.61441907169,0.497038513427893,6.83941810653261e-5,0.0176866429060317,3579.61441907169,-0.725518200905031,4.03997459280491e-5,0.0707570305753905,3579.61441907169,-0.0193602556791098,0.82703149630105,0.945924784768615,3579.61441907169,-0.337714216776537,1.427262371958e-4,0.0033119753307247,3579.61441907169,0.0629236713659143,0.477282560464033,0.867337032011112,3579.61441907169,0.381277632463342,1.77810650715235e-5,0.0013183313221421,3579.61441907169,-0.0378753266367228,0.668038811893019,0.883220766721156,3579.61441907169,0.497038513427893,6.83941810653261e-5,0.0176866429060317,3579.61441907169,0.322100882305672,0.0100854244162643,0.0998116139563132,MSTRG.6041.2-chr10:71091662-71120954_F:0_P:4_M,NA,NA,NA,NA,NA,NA,NA,NA,NA,NA,NA,NA,NA,NA,NA,NA,NA,NA,NA,NA,cytoplasm [GO:0005737]; protein-containing complex [GO:0032991],NA,NA,NA,NA,NA,TRUE,FALSE,TRUE,TRUE,TRUE,FALSE,True,Other,All Microproteins,Swiss-Prot,DESeq True,Muscle-Enriched,Swiss-Prot → DESeq True → Muscle-Enriched → Other,DESeq True → Other,Swiss-Prot_DESeqTrue_Muscle-Enriched_Other
"=HYPERLINK(""https://genome.ucsc.edu/cgi-bin/hgTracks?db=mm39&position=chr11:100210953-100212187"", ""chr11:100210953-100212187"")",MSAIQNLHSFDPFADASKGDDLLPAGTEDYIHIRIQQRNGRKTLTTVQGIADDYDKKKLVKAFKKKFACNGTVIEHPEYGEVIQLQGDQRKNICQFLIEIGLAKDDQLKVHGF,113,Microprotein,2,Swiss-Prot-MP,0,1,0,1,1,1,1,1,ENSMUST00000049385.14+chr11:100210956-100212184_F:0_P:1_M; sp|P48024|EIF1_MOUSE_Eukaryotic_translation_initiation_factor_1_OS=Mus_musculus_OX=10090_GN=Eif1_PE=1_SV=2_ANNO,FALSE,FALSE,FALSE,FALSE,Swiss-Prot,NA,SAM-Intracellular,0.9993174,NA,NA,NA,NA,NA,Eif1,0.0252406239159152,0,0.0504999777624647,0,126.7826964147401,0,0.2438699997543546,0,0.280413484,Muscle,5.154387304,5.260712361,5.559084786,4.867950012,4.890346962,4.902913831,5.499420186,5.638486975,5.193205149,5.154403574,5.085256937,chr11:100210956-100212184,ENSMUST00000049385.14+chr11:100210956-100212184_F:0_P:1_M,NA,11685.2951281103,0.147186223754549,0.0404717743815953,0.188957944505198,11685.2951281103,-0.056579923452334,0.431704638844108,0.848841387907316,11685.2951281103,0.470728000695168,5.1817282884486196e-11,1.94195049270038e-8,11685.2951281103,-0.021209042231676,0.834787226439075,0.952041218324619,11685.2951281103,-0.544327564849523,8.06756777018181e-8,4.39921726437344e-5,11685.2951281103,-0.202319161808086,0.0463208533482648,0.413750424486422,11685.2951281103,0.348672219814597,0.0151561387242053,0.690576048299294,11685.2951281103,0.125977181522873,0.0800663426587781,0.338839069075312,11685.2951281103,0.147186223754549,0.0404717743815953,0.188957944505198,11685.2951281103,-0.056579923452334,0.431704638844108,0.848841387907316,11685.2951281103,-0.07778896568401,0.278974199033802,0.632254558559015,11685.2951281103,0.470728000695168,5.1817282884486196e-11,1.94195049270038e-8,11685.2951281103,-0.202319161808086,0.0463208533482648,0.413750424486422,11685.2951281103,-0.544327564849523,8.06756777018181e-8,4.39921726437344e-5,ENSMUST00000049385.14+chr11:100210956-100212184_F:0_P:1_M,NA,NA,NA,NA,NA,NA,NA,NA,NA,NA,NA,NA,NA,NA,NA,NA,NA,NA,NA,NA,cytoplasm [GO:0005737],NA,NA,NA,NA,NA,FALSE,FALSE,TRUE,TRUE,TRUE,FALSE,True,Other,All Microproteins,Swiss-Prot,DESeq True,Muscle-Enriched,Swiss-Prot → DESeq True → Muscle-Enriched → Other,DESeq True → Other,Swiss-Prot_DESeqTrue_Muscle-Enriched_Other
"=HYPERLINK(""https://genome.ucsc.edu/cgi-bin/hgTracks?db=mm39&position=chr14:31805138-31807477"", ""chr14:31805138-31807477"")",MAVFHDEVEIEDFQYDEDSETYFYPCPCGDNFAITKEDLENGEDVATCPSCSLIIKVIYDKDQFMCGETVPAPSTNKELVKC,82,Microprotein,3,Swiss-Prot-MP,2,2,2,2,1,1,1,1,ENSMUST00000022461.11-chr14:31805141-31807474_F:1_P:4_M; ENSMUST00000067955.12-chr14:31805141-31807474_F:1_P:4_M; sp|Q8K0W9|DPH3_MOUSE_Diphthamide_biosynthesis_protein_3_OS=Mus_musculus_OX=10090_GN=Dph3_PE=1_SV=1_ANNO,FALSE,TRUE,TRUE,FALSE,Swiss-Prot,NA,SAM-Intracellular; SAM-Intracellular,0.9083425; 0.9083425,sp|Q8K0W9|DPH3_MOUSE; sp|Q8K0W9|DPH3_MOUSE,1.5e-56; 1.5e-56,100.0; 100.0,82.0; 82.0,169.0; 169.0,Dph3,3.61761898552814,0,3.4699045184107704,0,1.9318242570944937,0,2.717462645728123,0,0.532455334,Muscle,1.863339389,1.931169536,1.815215207,1.341678692,1.714763656,1.284175625,1.533893221,2.527487902,1.948678853,1.682928072,1.628259798,chr14:31805141-31807474,ENSMUST00000022461.11-chr14:31805141-31807474_F:1_P:4_M,NA,1088.09344733448,0.142184814665071,0.0802494731552873,0.286235048054509,1088.09344733448,-0.0013829004152459,0.986576543114994,0.997653073214463,1088.09344733448,0.26032690786965,0.0012066259905115,0.0217342217940902,1088.09344733448,0.0068701777218361,0.952591015804793,0.986137918000876,1088.09344733448,-0.506068402798767,9.50204784677903e-6,0.001069161780644,1088.09344733448,0.0186453350485082,0.870702997651446,0.980302911920936,1088.09344733448,0.103517468776063,0.522641664881728,0.99988073613111,1088.09344733448,0.149054992386908,0.0695599108557404,0.313061849539635,1088.09344733448,0.142184814665071,0.0802494731552873,0.286235048054509,1088.09344733448,-0.0013829004152459,0.986576543114994,0.997653073214463,1088.09344733448,0.0054872773065901,0.946137020052532,0.983882022491314,1088.09344733448,0.26032690786965,0.0012066259905115,0.0217342217940902,1088.09344733448,0.0186453350485082,0.870702997651446,0.980302911920936,1088.09344733448,-0.506068402798767,9.50204784677903e-6,0.001069161780644,ENSMUST00000022461.11-chr14:31805141-31807474_F:1_P:4_M,NA,NA,NA,NA,NA,NA,NA,NA,NA,NA,NA,NA,NA,NA,NA,NA,NA,NA,NA,NA,cytoplasm [GO:0005737]; cytosol [GO:0005829]; nucleoplasm [GO:0005654]; nucleus [GO:0005634]; perinuclear region of cytoplasm [GO:0048471]; protein-containing complex [GO:0032991],NA,NA,NA,NA,NA,TRUE,FALSE,TRUE,TRUE,TRUE,FALSE,True,Other,All Microproteins,Swiss-Prot,DESeq True,Muscle-Enriched,Swiss-Prot → DESeq True → Muscle-Enriched → Other,DESeq True → Other,Swiss-Prot_DESeqTrue_Muscle-Enriched_Other
"=HYPERLINK(""https://genome.ucsc.edu/cgi-bin/hgTracks?db=mm39&position=chr15:78075866-78088348"", ""chr15:78075866-78088348"")",MSMTDVLSAEDIKKAIGAFAAADSFDHKKFFQMVGLKKKNPDEVKKVFHILDKDKSGFIEEDELGSILKGFSSDARDLSAKETKTLLAAGDKDGDGKIGVEEFSTLVAES,110,Microprotein,5,Swiss-Prot-MP,2,4,4,4,1,1,1,1,ENSMUST00000120592.2-chr15:78075869-78088345_F:1_P:1_M; MSTRG.22180.1-chr15:78075869-78088345_F:1_P:1_M; MSTRG.22180.2-chr15:78075869-78088345_F:0_P:3_M; ENSMUST00000005860.16-chr15:78075869-78088345_F:1_P:3_M; sp|P32848|PRVA_MOUSE_Parvalbumin_alpha_OS=Mus_musculus_OX=10090_GN=Pvalb_PE=1_SV=3_ANNO,FALSE,FALSE,TRUE,TRUE,Swiss-Prot,NA,SAM-Intracellular; SAM-Intracellular; SAM-Intracellular; SAM-Intracellular,0.9995142; 0.9995142; 0.9995142; 0.9995142,sp|P32848|PRVA_MOUSE; sp|P32848|PRVA_MOUSE; sp|P32848|PRVA_MOUSE; sp|P32848|PRVA_MOUSE,9.980000000000001e-73; 9.980000000000001e-73; 9.980000000000001e-73; 9.980000000000001e-73,100.0; 100.0; 100.0; 100.0,110.0; 110.0; 110.0; 110.0,211.0; 211.0; 211.0; 211.0,Pvalb,4412.090017884656,0,0.4702982355968892,0,0.0610750490219909,0,0.0381509235895798,0,0.997476947,Muscle,0.111034756,4.169790089,0.092448031,2.248793792,2.055382287,0.375326273,0.224400413,9.991885211,0.551753471,0.053231599,0.716466414,chr15:78075869-78088345,ENSMUST00000120592.2-chr15:78075869-78088345_F:1_P:1_M,NA,305206.091443599,-0.344319649310453,0.0027623915098983,0.0307975573146972,305206.091443599,-0.1364318759228,0.235644216825043,0.725157311121671,305206.091443599,5.813497380536e-4,0.995967849406622,0.998683379738692,305206.091443599,0.188639019836101,0.246265472289559,0.63580374310052,305206.091443599,-0.453652217477664,0.0052971781370234,0.0672433352545647,305206.091443599,0.387464923468412,0.017236163992055,0.250966343584598,305206.091443599,-0.313716786258764,0.172727761111222,0.99988073613111,305206.091443599,-0.155680629474352,0.175981374623903,0.508088680726984,305206.091443599,-0.344319649310453,0.0027623915098983,0.0307975573146972,305206.091443599,-0.1364318759228,0.235644216825043,0.725157311121671,305206.091443599,0.0522071439133014,0.649971754788411,0.875198524046193,305206.091443599,5.813497380536e-4,0.995967849406622,0.998683379738692,305206.091443599,0.387464923468412,0.017236163992055,0.250966343584598,305206.091443599,-0.453652217477664,0.0052971781370234,0.0672433352545647,ENSMUST00000120592.2-chr15:78075869-78088345_F:1_P:1_M,NA,NA,NA,NA,NA,NA,NA,NA,NA,NA,NA,NA,NA,NA,NA,NA,NA,NA,NA,NA,axon [GO:0030424]; cytoplasm [GO:0005737]; cytosol [GO:0005829]; synapse [GO:0045202],NA,NA,NA,NA,NA,TRUE,FALSE,TRUE,TRUE,TRUE,FALSE,True,Other,All Microproteins,Swiss-Prot,DESeq True,Muscle-Enriched,Swiss-Prot → DESeq True → Muscle-Enriched → Other,DESeq True → Other,Swiss-Prot_DESeqTrue_Muscle-Enriched_Other
"=HYPERLINK(""https://genome.ucsc.edu/cgi-bin/hgTracks?db=mm39&position=chr16:87352826-87391306"", ""chr16:87352826-87391306"")",MISTARVPADKPVRIAFSLNDAPDDTPSEDAIPLVFPELEQQLQPLPPCHDSVESMQVFKQHCQIAEEYHEVKKEIALLEERKKELIAKLDQAEKEKLDAAQLVQEFEALTEENRTLKMAQSQCVEQLENLRIQYQKRQGSS,142,Microprotein,3,Swiss-Prot-MP,2,2,2,2,1,1,1,1,ENSMUST00000026700.8+chr16:87352829-87391303_F:0_P:2_M; MSTRG.25027.2+chr16:87352829-87391303_F:2_P:15_M; sp|P58500|M3KCL_MOUSE_MAP3K7_C-terminal-like_protein_OS=Mus_musculus_OX=10090_GN=Map3k7cl_PE=2_SV=1_ANNO,FALSE,FALSE,TRUE,TRUE,Swiss-Prot,NA,SAM-Intracellular; SAM-Intracellular,0.9989644; 0.9989644,sp|P58500|M3KCL_MOUSE; sp|P58500|M3KCL_MOUSE,6.56e-101; 6.56e-101,100.0; 100.0,142.0; 142.0,285.0; 285.0,Map3k7cl,2.986923661079388,0,0.2144096802252197,0,0.2934850075389668,0,0.0067375862298182,0,0.858644785,Muscle,0.113506074,0.235573153,0.119135034,0.065991045,2.276782842,0.003559951,0.22290588,2.312803672,0.016375782,0.9763654,0.290544259,chr16:87352829-87391303,ENSMUST00000026700.8+chr16:87352829-87391303_F:0_P:2_M,NA,289.564656849631,-0.399897276070478,0.0181321955222385,0.112108293570642,289.564656849631,0.0491383024237519,0.769410695616697,0.955411117271848,289.564656849631,-0.494682759725292,0.0033293643388696,0.0450332070664407,289.564656849631,0.408199873971129,0.086850773357928,0.420506019559795,289.564656849631,0.110676143081037,0.646373709617984,0.861982878263007,289.564656849631,0.295916678389507,0.214320298810364,0.697901243201035,289.564656849631,-0.45096470501474,0.183301704439874,0.99988073613111,289.564656849631,0.0083025979006503,0.960562396168077,0.989571115239068,289.564656849631,-0.399897276070478,0.0181321955222385,0.112108293570642,289.564656849631,0.0491383024237519,0.769410695616697,0.955411117271848,289.564656849631,0.45733817639488,0.0069786760306561,0.0891849455034517,289.564656849631,-0.494682759725292,0.0033293643388696,0.0450332070664407,289.564656849631,0.295916678389507,0.214320298810364,0.697901243201035,289.564656849631,0.110676143081037,0.646373709617984,0.861982878263007,ENSMUST00000026700.8+chr16:87352829-87391303_F:0_P:2_M,NA,NA,NA,NA,NA,NA,NA,NA,NA,NA,NA,NA,NA,NA,NA,NA,NA,NA,NA,NA,NA,NA,NA,NA,NA,NA,TRUE,FALSE,TRUE,TRUE,TRUE,FALSE,True,Other,All Microproteins,Swiss-Prot,DESeq True,Muscle-Enriched,Swiss-Prot → DESeq True → Muscle-Enriched → Other,DESeq True → Other,Swiss-Prot_DESeqTrue_Muscle-Enriched_Other
"=HYPERLINK(""https://genome.ucsc.edu/cgi-bin/hgTracks?db=mm39&position=chr16:43960464-43980003"", ""chr16:43960464-43980003"")",MKGSRIELGDVTPHNIKQLKRLNQVIFPVSYNDKFYKDVLEVGELAKLGTKMLNHVLNICEKDGTFDNIYLHVQISNESAIDFYRKFGFEIIETKKNYYKRIEPADAHVLQKNLKVPSGQNAETQKTDN,129,Microprotein,2,Swiss-Prot-MP,4,1,1,1,0,0,0,0,ENSMUST00000063542.8+chr16:43960467-43980000_F:0_P:1_M; sp|Q6PGB6-3|NAA50_MOUSE_Isoform_3_of_N-alpha-acetyltransferase_50_OS=Mus_musculus_OX=10090_GN=Naa50_ANNO,TRUE,TRUE,TRUE,TRUE,Swiss-Prot,NA,SAM-Intracellular,0.99505,sp|Q6PGB6|NAA50_MOUSE,1.63e-85,76.331,169.0,247.0,Naa50,0,0,0,0,0,0,0,0,0.667436702,Muscle,2.275101024,1.913043227,1.857468915,2.377524281,2.372150149,2.209932536,1.962511173,3.492838396,1.917760027,2.265562411,2.137164799,chr16:43960467-43980000,ENSMUST00000063542.8+chr16:43960467-43980000_F:0_P:1_M,NA,2955.1870822847,0.319560642532736,2.99507340832067e-7,2.24234760759767e-5,2955.1870822847,0.0324096210721989,0.606759243219104,0.908617008735385,2955.1870822847,-0.0117601441099531,0.850758337269936,0.953561769621617,2955.1870822847,0.0276733790910942,0.754239100668527,0.925376595185875,2955.1870822847,-0.487398213254687,3.44360418127612e-8,2.509404455684e-5,2955.1870822847,0.0171322264461775,0.846890811257607,0.975872682241486,2955.1870822847,0.0056641186038215,0.963865698179778,0.99988073613111,2955.1870822847,0.34723402162383,2.97495676270394e-8,3.29588418154526e-6,2955.1870822847,0.319560642532736,2.99507340832067e-7,2.24234760759767e-5,2955.1870822847,0.0324096210721989,0.606759243219104,0.908617008735385,2955.1870822847,0.0600830001632931,0.332837882871923,0.680781868221984,2955.1870822847,-0.0117601441099531,0.850758337269936,0.953561769621617,2955.1870822847,0.0171322264461775,0.846890811257607,0.975872682241486,2955.1870822847,-0.487398213254687,3.44360418127612e-8,2.509404455684e-5,ENSMUST00000063542.8+chr16:43960467-43980000_F:0_P:1_M,NA,NA,NA,NA,NA,NA,NA,NA,NA,NA,NA,NA,NA,NA,NA,NA,NA,NA,NA,NA,cytoplasm [GO:0005737]; cytosol [GO:0005829]; NatA complex [GO:0031415]; nucleolus [GO:0005730]; nucleus [GO:0005634],NA,NA,NA,NA,NA,TRUE,FALSE,TRUE,TRUE,TRUE,FALSE,True,Other,All Microproteins,Swiss-Prot,DESeq True,Muscle-Enriched,Swiss-Prot → DESeq True → Muscle-Enriched → Other,DESeq True → Other,Swiss-Prot_DESeqTrue_Muscle-Enriched_Other
"=HYPERLINK(""https://genome.ucsc.edu/cgi-bin/hgTracks?db=mm39&position=chr16:92190341-92194174"", ""chr16:92190341-92194174"")",MKLYFAQTLHIGSSHLAPPNPDKQFLISPPASPPVGWKQVEDATPVINYDLLYAISKLGPGEKYELHAATDTTPSVVVHVCESDQENEEEEEEMERMKRPKPKIIQTRRPEYTPIHLS,118,Microprotein,3,Swiss-Prot-MP,3,2,2,2,0,0,0,0,ENSMUST00000231410.2-chr16:92190344-92194171_F:0_P:6_M; ENSMUST00000232197.2-chr16:92190344-92194171_F:2_P:1_M; sp|Q9JHG6-3|RCAN1_MOUSE_Isoform_C_of_Calcipressin-1_OS=Mus_musculus_OX=10090_GN=Rcan1_ANNO,FALSE,TRUE,TRUE,TRUE,Swiss-Prot,NA,SAM-Intracellular; SAM-Intracellular,0.94749916; 0.94749916,sp|Q9JHG6|RCAN1_MOUSE; sp|Q9JHG6|RCAN1_MOUSE,2.12e-84; 2.12e-84,100.0; 100.0,118.0; 118.0,246.0; 246.0,Rcan1,0,0,0,0,0,0,0,0,0.555700817,Muscle,1.159427039,1.812955744,2.445186375,1.942302495,2.632492379,1.613687179,1.764735756,2.742994072,1.278559474,1.400413677,1.344480423,chr16:92190344-92194171,ENSMUST00000231410.2-chr16:92190344-92194171_F:0_P:6_M,NA,1327.24640402652,1.41955058910107,3.02677078419242e-8,3.26958311868153e-6,1327.24640402652,0.201520190856532,0.433112301276644,0.849191144086101,1327.24640402652,-0.53376151663821,0.0381719507598837,0.223039894983438,1327.24640402652,-0.982490375392155,0.0067507003496505,0.144279504370403,1327.24640402652,-0.620639636043526,0.0873362242213055,0.348010847245368,1327.24640402652,-0.0515141650421384,0.88750892636208,0.983257519410862,1327.24640402652,0.882806766921593,0.0856228799371716,0.933164990568158,1327.24640402652,0.437060213708916,0.0886147678220573,0.358862453291194,1327.24640402652,1.41955058910107,3.02677078419242e-8,3.26958311868153e-6,1327.24640402652,0.201520190856532,0.433112301276644,0.849191144086101,1327.24640402652,-0.780970184535623,0.0022687344572746,0.0444966325929528,1327.24640402652,-0.53376151663821,0.0381719507598837,0.223039894983438,1327.24640402652,-0.0515141650421384,0.88750892636208,0.983257519410862,1327.24640402652,-0.620639636043526,0.0873362242213055,0.348010847245368,ENSMUST00000231410.2-chr16:92190344-92194171_F:0_P:6_M,NA,NA,NA,NA,NA,NA,NA,NA,NA,NA,NA,NA,NA,NA,NA,NA,NA,NA,NA,NA,cytoplasm [GO:0005737]; nucleus [GO:0005634],NA,NA,NA,NA,NA,TRUE,FALSE,TRUE,TRUE,TRUE,FALSE,True,Other,All Microproteins,Swiss-Prot,DESeq True,Muscle-Enriched,Swiss-Prot → DESeq True → Muscle-Enriched → Other,DESeq True → Other,Swiss-Prot_DESeqTrue_Muscle-Enriched_Other
"=HYPERLINK(""https://genome.ucsc.edu/cgi-bin/hgTracks?db=mm39&position=sp|P61364|OSTN_MOUSE_Osteocrin_OS=Mus_musculus_OX=10090_GN=Ostn_PE=1_SV=1_ANNO"", ""sp|P61364|OSTN_MOUSE_Osteocrin_OS=Mus_musculus_OX=10090_GN=Ostn_PE=1_SV=1_ANNO"")",MLDWRLASTHFILAMIVMLWGSGKAFSVDLASQEFGTASLQSPPTAREEKSATELSAKLLRLDDLVSLENDVFETKKKRSFSGFGSPLDRLSAGSVEHRGKQRKAVDHSKKRFGIPMDRIGRNRLSSSRG,130,Microprotein,1,Swiss-Prot-MP,0,0,0,0,1,1,1,1,sp|P61364|OSTN_MOUSE_Osteocrin_OS=Mus_musculus_OX=10090_GN=Ostn_PE=1_SV=1_ANNO,FALSE,FALSE,FALSE,FALSE,Swiss-Prot,NA,NA,NA,NA,NA,NA,NA,NA,Unknown,4.319151103755045,0,0.0406796951935031,0,0.1384028653431178,0,0,0,0.999197523,Muscle,0.001012903,0.038271059,0.007286992,0.001091786,0.002561749,4.75168e-4,4.36221e-4,2.607335266,0.004275617,0.001821567,0.001197274,NA,ENSMUSG00000052276.9,Ostn,197.941633591576,-0.62574090290345,0.056731460398589,0.231923792038911,197.941633591576,-0.146174570173482,0.654165521450011,0.924943465188736,197.941633591576,0.958296410157596,0.002835131178333,0.0400399932710794,197.941633591576,0.414234579686763,0.372667156637607,0.738390666296601,197.941633591576,-0.47759140269975,0.29838898519951,0.62702034040123,197.941633591576,0.0976543871607905,0.83033090911276,0.972511700070088,197.941633591576,-0.0827287018082261,0.898594159001916,0.99988073613111,197.941633591576,-0.211506323216688,0.519940239817807,0.803403086976531,197.941633591576,-0.62574090290345,0.056731460398589,0.231923792038911,197.941633591576,-0.146174570173482,0.654165521450011,0.924943465188736,197.941633591576,0.26806000951328,0.417761194623827,0.743757171913098,197.941633591576,0.958296410157596,0.002835131178333,0.0400399932710794,197.941633591576,0.0976543871607905,0.83033090911276,0.972511700070088,197.941633591576,-0.47759140269975,0.29838898519951,0.62702034040123,ENSMUSG00000052276,ENSMUST00000066852,1,NA,NA,NA,NA,NA,NA,NA,NA,NA,NA,NA,NA,NA,NA,NA,NA,NA,NA,"immunoglobulin complex, circulating [GO:0042571]",NA,NA,NA,NA,NA,FALSE,FALSE,FALSE,TRUE,TRUE,FALSE,True,Other,All Microproteins,Swiss-Prot,DESeq True,Muscle-Enriched,Swiss-Prot → DESeq True → Muscle-Enriched → Other,DESeq True → Other,Swiss-Prot_DESeqTrue_Muscle-Enriched_Other
"=HYPERLINK(""https://genome.ucsc.edu/cgi-bin/hgTracks?db=mm39&position=sp|P63300|SELW_MOUSE_Selenoprotein_W_OS=Mus_musculus_OX=10090_GN=Selenow_PE=1_SV=3_ANNO"", ""sp|P63300|SELW_MOUSE_Selenoprotein_W_OS=Mus_musculus_OX=10090_GN=Selenow_PE=1_SV=3_ANNO"")",MALAVRVVYCGAUGYKPKYLQLKEKLEHEFPGCLDICGEGTPQVTGFFEVTVAGKLVHSKKRGDGYVDTESKFRKLVTAIKAALAQCQ,88,Microprotein,1,Swiss-Prot-MP,0,0,0,0,1,1,1,1,sp|P63300|SELW_MOUSE_Selenoprotein_W_OS=Mus_musculus_OX=10090_GN=Selenow_PE=1_SV=3_ANNO,FALSE,FALSE,FALSE,FALSE,Swiss-Prot,NA,NA,NA,NA,NA,NA,NA,NA,Unknown,213.1457402836948,0,17.36701463139993,0,7.768889858712239,0,15.690594114963938,0,0.793300675,Muscle,4.306197427,4.353775475,3.56726323,5.103806157,2.518309655,3.357666528,4.236141411,6.627634993,4.302300108,5.243437238,5.062370137,NA,ENSMUSG00000041571.11,Selenow,23664.946554315,-0.219107352127733,0.0141965680923614,0.0947285521597359,23664.946554315,-0.113235765318746,0.205064926164317,0.699356962609016,23664.946554315,0.429929265756638,1.45775909989635e-6,1.088785049365e-4,23664.946554315,0.202137588656046,0.109738058670178,0.463245275298279,23664.946554315,-0.572498325726625,5.8303357866035e-6,7.791789833011e-4,23664.946554315,0.17605051796892,0.163222528498327,0.646288047159682,23664.946554315,-0.0398409251356458,0.823511185788228,0.99988073613111,23664.946554315,-0.0169697634716874,0.849429458584587,0.953555164967052,23664.946554315,-0.219107352127733,0.0141965680923614,0.0947285521597359,23664.946554315,-0.113235765318746,0.205064926164317,0.699356962609016,23664.946554315,0.0889018233373003,0.319911701097193,0.669511094682902,23664.946554315,0.429929265756638,1.45775909989635e-6,1.088785049365e-4,23664.946554315,0.17605051796892,0.163222528498327,0.646288047159682,23664.946554315,-0.572498325726625,5.8303357866035e-6,7.791789833011e-4,ENSMUSG00000041571,ENSMUST00000044355,1,NA,NA,NA,NA,NA,NA,NA,NA,NA,NA,NA,NA,NA,NA,NA,NA,NA,NA,"immunoglobulin complex, circulating [GO:0042571]",NA,NA,NA,NA,NA,FALSE,FALSE,FALSE,TRUE,TRUE,FALSE,True,Other,All Microproteins,Swiss-Prot,DESeq True,Muscle-Enriched,Swiss-Prot → DESeq True → Muscle-Enriched → Other,DESeq True → Other,Swiss-Prot_DESeqTrue_Muscle-Enriched_Other
"=HYPERLINK(""https://genome.ucsc.edu/cgi-bin/hgTracks?db=mm39&position=sp|D3Z1U7|TM233_MOUSE_Transmembrane_protein_233_OS=Mus_musculus_OX=10090_GN=Tmem233_PE=1_SV=2_ANNO"", ""sp|D3Z1U7|TM233_MOUSE_Transmembrane_protein_233_OS=Mus_musculus_OX=10090_GN=Tmem233_PE=1_SV=2_ANNO"")",MSQYASRSDSKGALDSSSPEAYTEDDKTEEDIPAPSNYLWLTIISCFCPAYPVNIVALVFSIMSLNSYNDGDYEGARRLGRNAKWVAIASIIIGLVIIGVSCAVHFSRNP,110,Microprotein,1,Swiss-Prot-MP,0,0,0,0,1,1,1,1,sp|D3Z1U7|TM233_MOUSE_Transmembrane_protein_233_OS=Mus_musculus_OX=10090_GN=Tmem233_PE=1_SV=2_ANNO,FALSE,FALSE,FALSE,FALSE,Swiss-Prot,NA,NA,NA,NA,NA,NA,NA,NA,Unknown,44.34743579234703,0,0,0,0.0086925031267356,0,0,0,0.99735816,Muscle,0.001104949,0.206309118,0,0.001669455,0.001067948,7.12693e-4,0.017131203,3.046371318,0.004521901,0.001496456,0.026897171,NA,ENSMUSG00000079278.4,Tmem233,2545.62691384205,-0.587283149735741,5.42051441091862e-6,2.434714992734e-4,2545.62691384205,-0.284362413631861,0.0274900590399419,0.334907592985212,2545.62691384205,-0.316057259870048,0.0140861044586791,0.119112403149582,2545.62691384205,0.585223547400598,0.0013606410754528,0.0672240055687743,2545.62691384205,0.114607428170561,0.530428468182605,0.797232691955619,2545.62691384205,0.598659901989078,0.0010210408747953,0.0521265136179011,2545.62691384205,-0.627008986156697,0.0151745496274603,0.690576048299294,2545.62691384205,-0.0020596023351437,0.987287951283861,0.996390467058399,2545.62691384205,-0.587283149735741,5.42051441091862e-6,2.434714992734e-4,2545.62691384205,-0.284362413631861,0.0274900590399419,0.334907592985212,2545.62691384205,0.300861133768737,0.0200789380043442,0.167422912380444,2545.62691384205,-0.316057259870048,0.0140861044586791,0.119112403149582,2545.62691384205,0.598659901989078,0.0010210408747953,0.0521265136179011,2545.62691384205,0.114607428170561,0.530428468182605,0.797232691955619,ENSMUSG00000079278,ENSMUST00000111997,1,NA,NA,NA,NA,NA,NA,NA,NA,NA,NA,NA,NA,NA,NA,NA,NA,NA,NA,"immunoglobulin complex, circulating [GO:0042571]",NA,NA,NA,NA,NA,FALSE,FALSE,FALSE,TRUE,TRUE,FALSE,True,Other,All Microproteins,Swiss-Prot,DESeq True,Muscle-Enriched,Swiss-Prot → DESeq True → Muscle-Enriched → Other,DESeq True → Other,Swiss-Prot_DESeqTrue_Muscle-Enriched_Other
